track,model,date,observed_pm25,predicted_pm25
forecasting,LinearRegression,2024-01-01,76.36478494623655,97.32247541820789
forecasting,LinearRegression,2024-02-01,70.44224137931035,81.94931313263199
forecasting,LinearRegression,2024-03-01,56.47809139784946,44.96826756217507
forecasting,LinearRegression,2024-04-01,46.06513888888889,52.807852661334934
forecasting,LinearRegression,2024-05-01,32.792473118279574,42.38811420464331
forecasting,LinearRegression,2024-06-01,25.53069444444445,34.188516584264974
forecasting,LinearRegression,2024-07-01,12.503629032258065,21.544703158258514
forecasting,LinearRegression,2024-08-01,14.133064516129032,22.73058821790363
forecasting,LinearRegression,2024-09-01,26.326666666666664,19.762066581656782
forecasting,LinearRegression,2024-10-01,50.82741935483871,44.09460050898612
forecasting,LinearRegression,2024-11-01,74.85333333333332,44.81719299278153
forecasting,LinearRegression,2024-12-01,86.70725806451614,82.16801839581633
forecasting,LinearRegression,2025-01-01,108.38951612903226,95.03557250478868
forecasting,LinearRegression,2025-02-01,99.74866071428572,98.84495775052801
forecasting,LinearRegression,2025-03-01,55.55403225806452,60.888884139188015
forecasting,LinearRegression,2025-04-01,37.99486111111111,54.22046099731318
forecasting,LinearRegression,2025-05-01,31.378091397849463,39.0361883368769
forecasting,LinearRegression,2025-06-01,25.62972222222222,28.180044751807813
forecasting,LinearRegression,2025-07-01,18.919758064516127,22.996098571141033
forecasting,LinearRegression,2025-08-01,19.163037634408603,20.031127447005858
forecasting,LinearRegression,2025-09-01,26.80013888888889,22.351768139669375
forecasting,LinearRegression,2025-10-01,48.421505376344086,39.708606211402916
forecasting,LinearRegression,2025-11-01,58.8733695652174,50.4856666274193
forecasting,LinearRegression,2025-12-01,58.8733695652174,86.68394883942179
forecasting,Ridge,2024-01-01,76.36478494623655,99.57296044647885
forecasting,Ridge,2024-02-01,70.44224137931035,85.57150918481402
forecasting,Ridge,2024-03-01,56.47809139784946,47.2641572538803
forecasting,Ridge,2024-04-01,46.06513888888889,48.607380267761215
forecasting,Ridge,2024-05-01,32.792473118279574,42.93259962043953
forecasting,Ridge,2024-06-01,25.53069444444445,35.543972336470205
forecasting,Ridge,2024-07-01,12.503629032258065,21.766075442820352
forecasting,Ridge,2024-08-01,14.133064516129032,25.66559015461165
forecasting,Ridge,2024-09-01,26.326666666666664,20.279743107817907
forecasting,Ridge,2024-10-01,50.82741935483871,43.38833714668307
forecasting,Ridge,2024-11-01,74.85333333333332,45.219103070585085
forecasting,Ridge,2024-12-01,86.70725806451614,78.78933253865092
forecasting,Ridge,2025-01-01,108.38951612903226,94.51745214650964
forecasting,Ridge,2025-02-01,99.74866071428572,100.64893557691292
forecasting,Ridge,2025-03-01,55.55403225806452,61.37849645637768
forecasting,Ridge,2025-04-01,37.99486111111111,52.26129353867843
forecasting,Ridge,2025-05-01,31.378091397849463,41.471843255903366
forecasting,Ridge,2025-06-01,25.62972222222222,28.817004212748266
forecasting,Ridge,2025-07-01,18.919758064516127,22.751848785767166
forecasting,Ridge,2025-08-01,19.163037634408603,22.186372851445867
forecasting,Ridge,2025-09-01,26.80013888888889,22.528906938443257
forecasting,Ridge,2025-10-01,48.421505376344086,38.69118195358778
forecasting,Ridge,2025-11-01,58.8733695652174,50.95765119143051
forecasting,Ridge,2025-12-01,58.8733695652174,84.93525434297115
forecasting,RandomForest,2024-01-01,76.36478494623655,116.99736901241286
forecasting,RandomForest,2024-02-01,70.44224137931035,77.52514194850312
forecasting,RandomForest,2024-03-01,56.47809139784946,67.67619446866222
forecasting,RandomForest,2024-04-01,46.06513888888889,58.026329444795955
forecasting,RandomForest,2024-05-01,32.792473118279574,46.41675026721312
forecasting,RandomForest,2024-06-01,25.53069444444445,37.24284805267236
forecasting,RandomForest,2024-07-01,12.503629032258065,37.32544083231656
forecasting,RandomForest,2024-08-01,14.133064516129032,37.15146001292914
forecasting,RandomForest,2024-09-01,26.326666666666664,37.24694172525747
forecasting,RandomForest,2024-10-01,50.82741935483871,38.173184235868305
forecasting,RandomForest,2024-11-01,74.85333333333332,55.97388172498149
forecasting,RandomForest,2024-12-01,86.70725806451614,63.28754024496765
forecasting,RandomForest,2025-01-01,108.38951612903226,81.99130016390835
forecasting,RandomForest,2025-02-01,99.74866071428572,74.81694931934047
forecasting,RandomForest,2025-03-01,55.55403225806452,61.056342489127175
forecasting,RandomForest,2025-04-01,37.99486111111111,51.448631074669706
forecasting,RandomForest,2025-05-01,31.378091397849463,39.3136552366884
forecasting,RandomForest,2025-06-01,25.62972222222222,37.285244067960136
forecasting,RandomForest,2025-07-01,18.919758064516127,37.31356943438434
forecasting,RandomForest,2025-08-01,19.163037634408603,37.18609340095764
forecasting,RandomForest,2025-09-01,26.80013888888889,37.189861329842955
forecasting,RandomForest,2025-10-01,48.421505376344086,38.226897687639195
forecasting,RandomForest,2025-11-01,58.8733695652174,54.904718122229994
forecasting,RandomForest,2025-12-01,58.8733695652174,76.72214615156963
forecasting,XGBoost,2024-01-01,76.36478494623655,117.29357147216797
forecasting,XGBoost,2024-02-01,70.44224137931035,78.51998138427734
forecasting,XGBoost,2024-03-01,56.47809139784946,60.106510162353516
forecasting,XGBoost,2024-04-01,46.06513888888889,55.85801696777344
forecasting,XGBoost,2024-05-01,32.792473118279574,46.916168212890625
forecasting,XGBoost,2024-06-01,25.53069444444445,40.18299865722656
forecasting,XGBoost,2024-07-01,12.503629032258065,39.72584533691406
forecasting,XGBoost,2024-08-01,14.133064516129032,39.064598083496094
forecasting,XGBoost,2024-09-01,26.326666666666664,39.17000961303711
forecasting,XGBoost,2024-10-01,50.82741935483871,41.80248260498047
forecasting,XGBoost,2024-11-01,74.85333333333332,53.055450439453125
forecasting,XGBoost,2024-12-01,86.70725806451614,68.43470001220703
forecasting,XGBoost,2025-01-01,108.38951612903226,86.23688507080078
forecasting,XGBoost,2025-02-01,99.74866071428572,77.15495300292969
forecasting,XGBoost,2025-03-01,55.55403225806452,64.68074035644531
forecasting,XGBoost,2025-04-01,37.99486111111111,51.19785690307617
forecasting,XGBoost,2025-05-01,31.378091397849463,40.34107208251953
forecasting,XGBoost,2025-06-01,25.62972222222222,39.38395309448242
forecasting,XGBoost,2025-07-01,18.919758064516127,39.11067581176758
forecasting,XGBoost,2025-08-01,19.163037634408603,39.02193832397461
forecasting,XGBoost,2025-09-01,26.80013888888889,39.61680603027344
forecasting,XGBoost,2025-10-01,48.421505376344086,41.24098205566406
forecasting,XGBoost,2025-11-01,58.8733695652174,53.118408203125
forecasting,XGBoost,2025-12-01,58.8733695652174,82.14443969726562
attribution,LinearRegression,2024-01-01,76.36478494623655,178.91816572256755
attribution,LinearRegression,2024-02-01,70.44224137931035,170.00925344880255
attribution,LinearRegression,2024-03-01,56.47809139784946,95.83721257141029
attribution,LinearRegression,2024-04-01,46.06513888888889,96.62991693102008
attribution,LinearRegression,2024-05-01,32.792473118279574,101.25361477389596
attribution,LinearRegression,2024-06-01,25.53069444444445,166.17799622785128
attribution,LinearRegression,2024-07-01,12.503629032258065,75.8769958969976
attribution,LinearRegression,2024-08-01,14.133064516129032,102.1566916221608
attribution,LinearRegression,2024-09-01,26.326666666666664,74.84675398776494
attribution,LinearRegression,2024-10-01,50.82741935483871,138.32917716623655
attribution,LinearRegression,2024-11-01,74.85333333333332,90.3297465343451
attribution,LinearRegression,2024-12-01,86.70725806451614,119.71992546462583
attribution,LinearRegression,2025-01-01,108.38951612903226,153.32590411900628
attribution,LinearRegression,2025-02-01,99.74866071428572,171.85645352530628
attribution,LinearRegression,2025-03-01,55.55403225806452,103.35863133025772
attribution,LinearRegression,2025-04-01,37.99486111111111,110.13388671898429
attribution,LinearRegression,2025-05-01,31.378091397849463,114.85985094331849
attribution,LinearRegression,2025-06-01,25.62972222222222,78.39358395688672
attribution,LinearRegression,2025-07-01,18.919758064516127,73.09832399984441
attribution,LinearRegression,2025-08-01,19.163037634408603,110.6670238402246
attribution,LinearRegression,2025-09-01,26.80013888888889,51.42772831020966
attribution,LinearRegression,2025-10-01,48.421505376344086,78.52180557881033
attribution,LinearRegression,2025-11-01,58.8733695652174,74.53524253551322
attribution,LinearRegression,2025-12-01,58.8733695652174,99.6727230779232
attribution,Ridge,2024-01-01,76.36478494623655,177.36196517736488
attribution,Ridge,2024-02-01,70.44224137931035,162.2807218095878
attribution,Ridge,2024-03-01,56.47809139784946,91.98948004625456
attribution,Ridge,2024-04-01,46.06513888888889,104.39344023549037
attribution,Ridge,2024-05-01,32.792473118279574,100.66248861430604
attribution,Ridge,2024-06-01,25.53069444444445,166.29799904262796
attribution,Ridge,2024-07-01,12.503629032258065,75.87558242287568
attribution,Ridge,2024-08-01,14.133064516129032,97.11306292263146
attribution,Ridge,2024-09-01,26.326666666666664,77.90793617908092
attribution,Ridge,2024-10-01,50.82741935483871,138.62305307840433
attribution,Ridge,2024-11-01,74.85333333333332,88.8509806026104
attribution,Ridge,2024-12-01,86.70725806451614,122.78734408768828
attribution,Ridge,2025-01-01,108.38951612903226,153.6788758757094
attribution,Ridge,2025-02-01,99.74866071428572,167.04032350355334
attribution,Ridge,2025-03-01,55.55403225806452,103.1048435025648
attribution,Ridge,2025-04-01,37.99486111111111,113.54371671518443
attribution,Ridge,2025-05-01,31.378091397849463,113.46561034391273
attribution,Ridge,2025-06-01,25.62972222222222,80.07593913672066
attribution,Ridge,2025-07-01,18.919758064516127,73.69560880023307
attribution,Ridge,2025-08-01,19.163037634408603,105.63955384965963
attribution,Ridge,2025-09-01,26.80013888888889,53.5451922398345
attribution,Ridge,2025-10-01,48.421505376344086,78.82106349723419
attribution,Ridge,2025-11-01,58.8733695652174,74.17944608686166
attribution,Ridge,2025-12-01,58.8733695652174,101.79482791210697
attribution,RandomForest,2024-01-01,76.36478494623655,186.84225229951196
attribution,RandomForest,2024-02-01,70.44224137931035,189.2594488631927
attribution,RandomForest,2024-03-01,56.47809139784946,122.82246843024078
attribution,RandomForest,2024-04-01,46.06513888888889,124.84088724067027
attribution,RandomForest,2024-05-01,32.792473118279574,125.97847964994854
attribution,RandomForest,2024-06-01,25.53069444444445,120.09686360755637
attribution,RandomForest,2024-07-01,12.503629032258065,123.4033287778339
attribution,RandomForest,2024-08-01,14.133064516129032,130.15062196365534
attribution,RandomForest,2024-09-01,26.326666666666664,129.20467040559788
attribution,RandomForest,2024-10-01,50.82741935483871,122.04742067077294
attribution,RandomForest,2024-11-01,74.85333333333332,118.01414822551374
attribution,RandomForest,2024-12-01,86.70725806451614,176.57279109196506
attribution,RandomForest,2025-01-01,108.38951612903226,188.37244411268497
attribution,RandomForest,2025-02-01,99.74866071428572,169.43021150872343
attribution,RandomForest,2025-03-01,55.55403225806452,111.39225418348809
attribution,RandomForest,2025-04-01,37.99486111111111,128.4127522857957
attribution,RandomForest,2025-05-01,31.378091397849463,125.11829481405334
attribution,RandomForest,2025-06-01,25.62972222222222,122.36661900217682
attribution,RandomForest,2025-07-01,18.919758064516127,126.13920450793582
attribution,RandomForest,2025-08-01,19.163037634408603,126.6442406205873
attribution,RandomForest,2025-09-01,26.80013888888889,127.78806292812304
attribution,RandomForest,2025-10-01,48.421505376344086,106.73816757319655
attribution,RandomForest,2025-11-01,58.8733695652174,87.31259091054169
attribution,RandomForest,2025-12-01,58.8733695652174,149.68265133904612
attribution,XGBoost,2024-01-01,76.36478494623655,179.20762634277344
attribution,XGBoost,2024-02-01,70.44224137931035,203.4219512939453
attribution,XGBoost,2024-03-01,56.47809139784946,124.74253845214844
attribution,XGBoost,2024-04-01,46.06513888888889,126.0305404663086
attribution,XGBoost,2024-05-01,32.792473118279574,130.0050506591797
attribution,XGBoost,2024-06-01,25.53069444444445,94.72451782226562
attribution,XGBoost,2024-07-01,12.503629032258065,111.34989929199219
attribution,XGBoost,2024-08-01,14.133064516129032,126.93938446044922
attribution,XGBoost,2024-09-01,26.326666666666664,126.77896881103516
attribution,XGBoost,2024-10-01,50.82741935483871,125.06901550292969
attribution,XGBoost,2024-11-01,74.85333333333332,141.17935180664062
attribution,XGBoost,2024-12-01,86.70725806451614,185.36546325683594
attribution,XGBoost,2025-01-01,108.38951612903226,191.8828125
attribution,XGBoost,2025-02-01,99.74866071428572,185.4733428955078
attribution,XGBoost,2025-03-01,55.55403225806452,100.67605590820312
attribution,XGBoost,2025-04-01,37.99486111111111,133.52200317382812
attribution,XGBoost,2025-05-01,31.378091397849463,124.66598510742188
attribution,XGBoost,2025-06-01,25.62972222222222,107.5328598022461
attribution,XGBoost,2025-07-01,18.919758064516127,111.60226440429688
attribution,XGBoost,2025-08-01,19.163037634408603,120.61133575439453
attribution,XGBoost,2025-09-01,26.80013888888889,118.13361358642578
attribution,XGBoost,2025-10-01,48.421505376344086,107.02860260009766
attribution,XGBoost,2025-11-01,58.8733695652174,79.72742462158203
attribution,XGBoost,2025-12-01,58.8733695652174,163.4397735595703
