system:index,AOD,AOD_available,LST_C,LST_available,NO2,NO2_available,climate_available,date,dewpoint,month,pressure,rainfall_mm,temperature,wind_speed,year,.geo
0,-999.0,0,-999.0,0,-999.0,0,1,2000-01,12.502736725345756,1,101290.96218182964,0.3207467875073361,18.500795639202124,1.490234182147463,2000,"{""type"":""MultiPoint"",""coordinates"":[]}"
1,0.539,1,27.370000000000033,1,-999.0,0,1,2000-02,12.319067387197265,2,101172.48632812499,0.7133510345997349,19.728269151709583,1.2695908612090865,2000,"{""type"":""MultiPoint"",""coordinates"":[]}"
2,0.622,1,31.44500000000002,1,-999.0,0,1,2000-03,17.527532114008466,3,100820.58222551244,2.002819960160589,24.42421130518761,1.492279984217198,2000,"{""type"":""MultiPoint"",""coordinates"":[]}"
3,0.58,1,31.20000000000003,1,-999.0,0,1,2000-04,23.097304895189154,4,100425.26116536457,9.351074843057816,27.63182612525094,2.2786072285498493,2000,"{""type"":""MultiPoint"",""coordinates"":[]}"
4,0.8180000000000001,1,31.950000000000017,1,-999.0,0,1,2000-05,24.986408857119898,5,100222.58610551075,16.06662882402031,27.843337508170862,2.015601418266978,2000,"{""type"":""MultiPoint"",""coordinates"":[]}"
5,0.923,1,29.696666666666697,1,-999.0,0,1,2000-06,25.27108493381087,6,100028.81087239583,10.402533337087167,27.954416063096744,2.692149230488932,2000,"{""type"":""MultiPoint"",""coordinates"":[]}"
6,-999,0,30.870000000000005,1,-999.0,0,1,2000-07,24.730859826200742,7,99931.63563193043,7.656075098991197,27.747973952754876,3.167451178170751,2000,"{""type"":""MultiPoint"",""coordinates"":[]}"
7,0.653,1,-999,0,-999.0,0,1,2000-08,25.130731857463843,8,100092.48394447246,7.6385280828622895,27.62336200591062,2.6119946790546664,2000,"{""type"":""MultiPoint"",""coordinates"":[]}"
8,0.684,1,28.443333333333367,1,-999.0,0,1,2000-09,24.373424890306296,9,100429.09123263888,8.663803120713471,26.834353065490745,1.8799855817556292,2000,"{""type"":""MultiPoint"",""coordinates"":[]}"
9,0.662,1,31.67000000000003,1,-999.0,0,1,2000-10,23.498988723754906,10,100684.00505607357,6.123393356528683,26.303476423858285,1.0343536810554725,2000,"{""type"":""MultiPoint"",""coordinates"":[]}"
10,0.531,1,28.683333333333376,1,-999.0,0,1,2000-11,17.97464410993797,11,101150.64045138888,0.07836293931156035,23.015331586202024,0.9871616360762502,2000,"{""type"":""MultiPoint"",""coordinates"":[]}"
11,0.40800000000000003,1,26.235000000000014,1,-999.0,0,1,2000-12,12.419385590091792,12,101294.99760584676,0.0010192594829512077,19.00827560424807,1.3124144533914206,2000,"{""type"":""MultiPoint"",""coordinates"":[]}"
12,0.6900000000000001,1,24.080000000000027,1,-999.0,0,1,2001-01,10.064326838011368,1,101222.3753832745,0.010382449165864536,17.789990217967727,1.79417686119955,2001,"{""type"":""MultiPoint"",""coordinates"":[]}"
13,0.774,1,27.505000000000024,1,-999.0,0,1,2001-02,14.03986474900023,2,101011.24769810264,0.6837664830383616,21.71751940136869,1.3445731227882103,2001,"{""type"":""MultiPoint"",""coordinates"":[]}"
14,0.459,1,32.87000000000003,1,-999.0,0,1,2001-03,16.31812490237661,3,100844.9176064768,1.784252970893481,25.633436129170036,1.3187602207789486,2001,"{""type"":""MultiPoint"",""coordinates"":[]}"
15,0.5760000000000001,1,33.97000000000003,1,-999.0,0,1,2001-04,22.082222345140224,4,100615.67834743924,3.5246225575420453,28.21696459452312,1.9795360287839854,2001,"{""type"":""MultiPoint"",""coordinates"":[]}"
16,0.626,1,32.145000000000024,1,-999.0,0,1,2001-05,24.22924657842168,5,100209.0937079973,17.587354416444178,26.71841851921488,1.7398450812071315,2001,"{""type"":""MultiPoint"",""coordinates"":[]}"
17,-999,0,23.750000000000057,1,-999.0,0,1,2001-06,24.703567420111824,6,99918.73812391494,16.817193983359857,26.804660458035016,3.08512821103174,2001,"{""type"":""MultiPoint"",""coordinates"":[]}"
18,-999,0,-999,0,-999.0,0,1,2001-07,24.77059348731916,7,99973.62978305611,8.675442878719027,27.53324175188618,3.380805952118847,2001,"{""type"":""MultiPoint"",""coordinates"":[]}"
19,-999,0,30.470000000000027,1,-999.0,0,1,2001-08,24.985669769779292,8,100111.52089633737,6.175057170714519,28.053355235438232,2.634562883663023,2001,"{""type"":""MultiPoint"",""coordinates"":[]}"
20,0.589,1,32.85000000000002,1,-999.0,0,1,2001-09,24.828175269232872,9,100483.9551812066,7.081695100670278,27.366421169704893,1.6914897042007708,2001,"{""type"":""MultiPoint"",""coordinates"":[]}"
21,0.298,1,32.150000000000034,1,-999.0,0,1,2001-10,23.59574039828391,10,100839.1493510585,8.112083625123104,26.171483099332477,1.1650691815767056,2001,"{""type"":""MultiPoint"",""coordinates"":[]}"
22,0.552,1,28.885000000000034,1,-999.0,0,1,2001-11,19.54353317684604,11,101260.28566080728,0.8610991294548379,23.07823611365427,0.9974038382746904,2001,"{""type"":""MultiPoint"",""coordinates"":[]}"
23,0.536,1,24.94000000000004,1,-999.0,0,1,2001-12,13.3108505208005,12,101532.40612399192,0.0011324853106899472,18.888371896231035,1.4981840284072667,2001,"{""type"":""MultiPoint"",""coordinates"":[]}"
24,0.59,1,24.860000000000028,1,-999.0,0,1,2002-01,12.631707209925594,1,101409.63343728999,0.4212085164347686,19.053781886767354,1.3414968350471455,2002,"{""type"":""MultiPoint"",""coordinates"":[]}"
25,0.539,1,28.695000000000036,1,-999.0,0,1,2002-02,13.061144742511544,2,101385.4051106771,0.12890728597143258,21.93108933766689,1.7154775360930417,2002,"{""type"":""MultiPoint"",""coordinates"":[]}"
26,0.534,1,30.123333333333374,1,-999.0,0,1,2002-03,17.126953810004863,3,100902.79794081817,2.367436936248352,25.449075091782504,1.24368675872349,2002,"{""type"":""MultiPoint"",""coordinates"":[]}"
27,0.63,1,30.340000000000032,1,-999.0,0,1,2002-04,22.932092814975363,4,100631.9636827257,6.358796038434988,26.43844903310145,1.952028090471312,2002,"{""type"":""MultiPoint"",""coordinates"":[]}"
28,0.917,1,29.630000000000038,1,-999.0,0,1,2002-05,24.17720436588411,5,100172.78440020159,14.883132126812717,26.69686753057664,2.128921702007067,2002,"{""type"":""MultiPoint"",""coordinates"":[]}"
29,0.994,1,32.52000000000001,1,-999.0,0,1,2002-06,25.06959849463567,6,100069.11633572051,16.577605644069614,27.01113412645128,2.6088517047645117,2002,"{""type"":""MultiPoint"",""coordinates"":[]}"
30,-999,0,-999,0,-999.0,0,1,2002-07,25.70982236554545,7,99919.7227140037,15.810628158598613,27.624762368971346,2.63670408314016,2002,"{""type"":""MultiPoint"",""coordinates"":[]}"
31,0.318,1,33.63000000000005,1,-999.0,0,1,2002-08,24.82363709890717,8,100124.99931220598,9.127616940345535,27.2914391261275,2.5822341359607925,2002,"{""type"":""MultiPoint"",""coordinates"":[]}"
32,0.543,1,32.00333333333335,1,-999.0,0,1,2002-09,24.63010715908473,9,100544.85354275172,9.004712718182144,27.331734593709314,1.9410879630545215,2002,"{""type"":""MultiPoint"",""coordinates"":[]}"
33,0.508,1,31.450000000000045,1,-999.0,0,1,2002-10,22.221547309301172,10,100925.52752226143,2.931929441464189,25.609077461816867,1.0063588535105994,2002,"{""type"":""MultiPoint"",""coordinates"":[]}"
34,0.313,1,28.215000000000032,1,-999.0,0,1,2002-11,18.79496267106805,11,101138.64759657116,3.5275758924417033,22.784915479024335,1.3076729804832852,2002,"{""type"":""MultiPoint"",""coordinates"":[]}"
35,0.579,1,25.335000000000022,1,-999.0,0,1,2002-12,14.264225506526145,12,101365.46800970261,0.025712636530001064,19.880615304106072,1.3200146411046711,2002,"{""type"":""MultiPoint"",""coordinates"":[]}"
36,0.711,1,23.31000000000002,1,-999.0,0,1,2003-01,11.66195591342057,1,101524.77028204806,0.049038464062904054,17.280789209181307,1.7494477473897003,2003,"{""type"":""MultiPoint"",""coordinates"":[]}"
37,0.654,1,28.685000000000016,1,-999.0,0,1,2003-02,14.685079874311157,2,101282.80854724697,0.3023382471562134,21.75046276365009,1.377523545854453,2003,"{""type"":""MultiPoint"",""coordinates"":[]}"
38,0.513,1,30.480000000000018,1,-999.0,0,1,2003-03,17.191249671033688,3,100998.8158077117,3.7163475102310883,24.214460996402124,1.1559057732602165,2003,"{""type"":""MultiPoint"",""coordinates"":[]}"
39,0.671,1,30.963333333333367,1,-999.0,0,1,2003-04,23.49697308010525,4,100650.49337565109,4.757481970400453,27.472947629292833,1.718903983721994,2003,"{""type"":""MultiPoint"",""coordinates"":[]}"
40,0.892,1,31.130000000000035,1,-999.0,0,1,2003-05,24.79740931193038,5,100278.5594390541,6.593068576914641,28.51447526665146,2.244474832025873,2003,"{""type"":""MultiPoint"",""coordinates"":[]}"
41,1.105,1,27.360000000000042,1,-999.0,0,1,2003-06,25.22927000257704,6,99895.05362955728,20.824612047915043,27.301338259379065,2.9683913402320976,2003,"{""type"":""MultiPoint"",""coordinates"":[]}"
42,0.35100000000000003,1,27.940000000000026,1,-999.0,0,1,2003-07,25.01706425656556,7,100161.30488701278,8.105627747737334,27.748620831069104,3.263140043149779,2003,"{""type"":""MultiPoint"",""coordinates"":[]}"
43,0.49,1,33.160000000000025,1,-999.0,0,1,2003-08,25.075019967684284,8,100164.70278372815,6.2791753607732455,28.064944162676397,2.8717422129143735,2003,"{""type"":""MultiPoint"",""coordinates"":[]}"
44,0.487,1,-999,0,-999.0,0,1,2003-09,24.806506941053613,9,100439.23254665798,6.985157051294284,27.367915895250064,2.0375322775365334,2003,"{""type"":""MultiPoint"",""coordinates"":[]}"
45,0.489,1,31.04333333333337,1,-999.0,0,1,2003-10,23.805558243618293,10,100918.10984227991,5.108122566784254,26.67085246424523,1.1322100974202844,2003,"{""type"":""MultiPoint"",""coordinates"":[]}"
46,0.49,1,29.320000000000036,1,-999.0,0,1,2003-11,16.532096015082516,11,101267.57857530385,0.0021834794565004736,22.827246305677704,1.3029135182162292,2003,"{""type"":""MultiPoint"",""coordinates"":[]}"
47,0.433,1,25.79500000000003,1,-999.0,0,1,2003-12,13.77666072230187,12,101457.93390351984,0.9808137285261406,19.551552831998436,1.4369268038767782,2003,"{""type"":""MultiPoint"",""coordinates"":[]}"
48,0.6950000000000001,1,23.43500000000003,1,-999.0,0,1,2004-01,12.516254146124822,1,101380.71469149027,0.06806580203403663,18.26579521343274,1.518806350938079,2004,"{""type"":""MultiPoint"",""coordinates"":[]}"
49,0.727,1,28.75000000000003,1,-999.0,0,1,2004-02,12.297512111444632,2,101194.03550983295,0.02773875569564337,21.374413558258425,1.458305404289288,2004,"{""type"":""MultiPoint"",""coordinates"":[]}"
50,0.532,1,31.87500000000003,1,-999.0,0,1,2004-03,18.192183143861882,3,100790.3690093666,0.39428174466379107,26.871141544465218,2.328518132971961,2004,"{""type"":""MultiPoint"",""coordinates"":[]}"
51,0.704,1,32.10500000000002,1,-999.0,0,1,2004-04,23.358787896898036,4,100561.81882595486,10.19781937316561,26.243423525492346,2.247629902719084,2004,"{""type"":""MultiPoint"",""coordinates"":[]}"
52,0.6890000000000001,1,30.77000000000004,1,-999.0,0,1,2004-05,24.935377662412577,5,100173.81736181115,7.916809332085892,28.92558949788412,2.4832342260189395,2004,"{""type"":""MultiPoint"",""coordinates"":[]}"
53,0.838,1,33.370000000000005,1,-999.0,0,1,2004-06,25.282543161180342,6,100074.25193684896,18.61920843820073,27.6500126732721,2.272456336855179,2004,"{""type"":""MultiPoint"",""coordinates"":[]}"
54,-999,0,-999,0,-999.0,0,1,2004-07,24.828057328090892,7,100099.52636193717,14.255836645249374,27.148404344948347,3.172686361444397,2004,"{""type"":""MultiPoint"",""coordinates"":[]}"
55,-999,0,-999,0,-999.0,0,1,2004-08,24.83610063778451,8,100039.15424962198,7.872872712969211,27.622282795239528,3.1461983886819347,2004,"{""type"":""MultiPoint"",""coordinates"":[]}"
56,-999,0,-999,0,-999.0,0,1,2004-09,24.476248190138165,9,100540.54661458333,19.89844476583625,26.820656628078893,2.466637884396812,2004,"{""type"":""MultiPoint"",""coordinates"":[]}"
57,0.47400000000000003,1,31.05000000000004,1,-999.0,0,1,2004-10,21.82794163611635,10,101094.87180254533,4.388680044745606,25.57413774715951,1.4907011786561024,2004,"{""type"":""MultiPoint"",""coordinates"":[]}"
58,0.5690000000000001,1,28.136666666666695,1,-999.0,0,1,2004-11,16.239427036709287,11,101291.04937065973,0.030605674479862913,23.046598434448242,1.0861141334441184,2004,"{""type"":""MultiPoint"",""coordinates"":[]}"
59,0.507,1,26.095000000000027,1,-999.0,0,1,2004-12,14.085647078483419,12,101370.30191532258,0.056425023661661966,20.70660751917029,1.2118881731226157,2004,"{""type"":""MultiPoint"",""coordinates"":[]}"
60,0.725,1,24.28000000000003,1,-999.0,0,1,2005-01,12.390948006414646,1,101350.71618783603,0.2173705896093415,18.903359472623492,1.7055262166014928,2005,"{""type"":""MultiPoint"",""coordinates"":[]}"
61,0.555,1,30.085000000000022,1,-999.0,0,1,2005-02,14.674550083705412,2,101164.18218122209,0.24233227663840648,22.706089364914703,1.9395492474887672,2005,"{""type"":""MultiPoint"",""coordinates"":[]}"
62,0.587,1,31.965000000000032,1,-999.0,0,1,2005-03,19.50400392265732,3,100918.6042296707,3.3722571968076456,26.18624011214058,1.8297780587544228,2005,"{""type"":""MultiPoint"",""coordinates"":[]}"
63,0.704,1,32.16333333333338,1,-999.0,0,1,2005-04,22.399349742465574,4,100796.28140190971,3.143795199426691,27.97632603115511,1.7945025428210855,2005,"{""type"":""MultiPoint"",""coordinates"":[]}"
64,0.807,1,29.615000000000038,1,-999.0,0,1,2005-05,24.37026740453581,5,100349.71986832158,11.4714106500571,27.93224335537161,1.8750753618179332,2005,"{""type"":""MultiPoint"",""coordinates"":[]}"
65,0.888,1,30.350000000000023,1,-999.0,0,1,2005-06,25.803476206461596,6,99872.28082682291,7.189098078897871,28.957247967190256,2.794210290808545,2005,"{""type"":""MultiPoint"",""coordinates"":[]}"
66,0.26,1,26.57000000000005,1,-999.0,0,1,2005-07,24.826329393284425,7,100078.9506153394,11.11974724832632,27.616908953266773,3.165714165098914,2005,"{""type"":""MultiPoint"",""coordinates"":[]}"
67,-999,0,31.390000000000043,1,-999.0,0,1,2005-08,25.174157714843773,8,100035.56644300235,8.134692722127776,27.8026734916113,2.5405703758716354,2005,"{""type"":""MultiPoint"",""coordinates"":[]}"
68,0.517,1,29.56333333333337,1,-999.0,0,1,2005-09,25.135350163777616,9,100462.20554470486,10.878730528289182,27.776316197713186,1.4663696194508526,2005,"{""type"":""MultiPoint"",""coordinates"":[]}"
69,0.435,1,32.64333333333337,1,-999.0,0,1,2005-10,23.554636153354465,10,100944.64158581146,7.454855326979637,26.090780286891402,1.20763948230253,2005,"{""type"":""MultiPoint"",""coordinates"":[]}"
70,0.491,1,29.090000000000032,1,-999.0,0,1,2005-11,17.337375047471824,11,101148.8117784288,0.09873367333798436,22.654992993672636,1.2206203662945028,2005,"{""type"":""MultiPoint"",""coordinates"":[]}"
71,0.364,1,26.42500000000004,1,-999.0,0,1,2005-12,13.33365496563647,12,101252.25512432794,0.20104593570987703,19.91396016766953,1.658115081671721,2005,"{""type"":""MultiPoint"",""coordinates"":[]}"
72,0.771,1,24.120000000000033,1,-999.0,0,1,2006-01,12.086115896573688,1,101300.09566637264,0.025518050626195353,18.915274843605573,1.7195869911553816,2006,"{""type"":""MultiPoint"",""coordinates"":[]}"
73,0.72,1,30.335000000000036,1,-999.0,0,1,2006-02,16.298349998110837,2,101064.63453311012,0.08808064121775974,24.35497341156008,1.6088703663151953,2006,"{""type"":""MultiPoint"",""coordinates"":[]}"
74,0.554,1,33.59000000000003,1,-999.0,0,1,2006-03,15.942718411517433,3,100823.66137957826,0.1508110800424062,27.14243565631176,1.6983463201172568,2006,"{""type"":""MultiPoint"",""coordinates"":[]}"
75,0.6960000000000001,1,33.27000000000004,1,-999.0,0,1,2006-04,22.825435511271223,4,100558.42724609374,5.647569394600301,27.657500669691274,1.8312401891696546,2006,"{""type"":""MultiPoint"",""coordinates"":[]}"
76,0.605,1,30.683333333333355,1,-999.0,0,1,2006-05,24.222101609424897,5,100357.5523405998,10.714185795627998,28.03497932598151,1.8989855384651515,2006,"{""type"":""MultiPoint"",""coordinates"":[]}"
77,0.884,1,-999,0,-999.0,0,1,2006-06,25.625528144836323,6,100097.78945855037,9.130171880961885,28.369234445360007,2.5414274604671636,2006,"{""type"":""MultiPoint"",""coordinates"":[]}"
78,-999,0,33.23000000000002,1,-999.0,0,1,2006-07,25.127819971884435,7,99910.9086599042,11.535159117840175,27.754647334929473,3.0137714976390955,2006,"{""type"":""MultiPoint"",""coordinates"":[]}"
79,0.337,1,34.07666666666669,1,-999.0,0,1,2006-08,24.782429631551167,8,100133.48516255042,9.455123699557857,27.74053871811077,2.8050212227919697,2006,"{""type"":""MultiPoint"",""coordinates"":[]}"
80,0.40800000000000003,1,32.35000000000002,1,-999.0,0,1,2006-09,24.739721700880352,9,100501.58867730036,7.334473763882462,27.630297745598682,2.0747728754716124,2006,"{""type"":""MultiPoint"",""coordinates"":[]}"
81,0.582,1,31.59666666666671,1,-999.0,0,1,2006-10,23.266351236322862,10,100987.49744308638,1.9011621034084119,26.824521329326103,0.995345067064257,2006,"{""type"":""MultiPoint"",""coordinates"":[]}"
82,0.494,1,29.105000000000018,1,-999.0,0,1,2006-11,17.818514060974223,11,101170.84140625001,0.1512463558993223,23.820211474100745,1.353908464346665,2006,"{""type"":""MultiPoint"",""coordinates"":[]}"
83,0.77,1,25.62500000000003,1,-999.0,0,1,2006-12,14.02054561902122,12,101393.68601415491,0.023278522504707296,20.558757708149585,1.180674246357131,2006,"{""type"":""MultiPoint"",""coordinates"":[]}"
84,1.03,1,23.205000000000027,1,-999.0,0,1,2007-01,11.290641034034024,1,101476.55218308972,0.041514735365185074,18.62462331710327,1.4528410565130392,2007,"{""type"":""MultiPoint"",""coordinates"":[]}"
85,0.8230000000000001,1,27.07000000000002,1,-999.0,0,1,2007-02,15.69389191582087,2,101271.26046898252,2.1443826410407447,20.626374748774936,1.0925341561879212,2007,"{""type"":""MultiPoint"",""coordinates"":[]}"
86,0.511,1,33.795000000000016,1,-999.0,0,1,2007-03,15.205384006295219,3,100938.68919585853,0.6473707578785772,25.099407101703036,1.2687045535020491,2007,"{""type"":""MultiPoint"",""coordinates"":[]}"
87,0.711,1,32.940000000000026,1,-999.0,0,1,2007-04,22.92555402119956,4,100664.64993489582,8.903219878043936,27.536315388149774,2.454472034352685,2007,"{""type"":""MultiPoint"",""coordinates"":[]}"
88,0.6930000000000001,1,33.58333333333335,1,-999.0,0,1,2007-05,24.99778801702695,5,100263.15316805274,5.559565091858767,28.450598119920244,1.972605434962062,2007,"{""type"":""MultiPoint"",""coordinates"":[]}"
89,0.529,1,27.58000000000004,1,-999.0,0,1,2007-06,25.541256777445426,6,100039.92742513023,20.03864230455529,27.93782090081112,2.951331874912033,2007,"{""type"":""MultiPoint"",""coordinates"":[]}"
90,-999,0,-999,0,-999.0,0,1,2007-07,25.15893180190875,7,99963.40875441028,19.033592228562235,27.431326310352574,3.222506152190067,2007,"{""type"":""MultiPoint"",""coordinates"":[]}"
91,0.436,1,28.33000000000004,1,-999.0,0,1,2007-08,25.249769403601135,8,100035.0251333585,8.396522852289612,28.12327320139906,2.4822381199695784,2007,"{""type"":""MultiPoint"",""coordinates"":[]}"
92,0.356,1,32.50000000000003,1,-999.0,0,1,2007-09,24.765566274854848,9,100294.81692165797,11.570378482766113,27.11830319298639,2.1768027534260708,2007,"{""type"":""MultiPoint"",""coordinates"":[]}"
93,0.451,1,30.01000000000002,1,-999.0,0,1,2007-10,22.86691416258452,10,100749.14037298386,9.754225583301556,26.07223050107234,1.0218623750207088,2007,"{""type"":""MultiPoint"",""coordinates"":[]}"
94,0.442,1,29.76000000000002,1,-999.0,0,1,2007-11,19.27450014750167,11,101115.65842013889,3.5079141565631744,23.09903221130378,1.3828499393428777,2007,"{""type"":""MultiPoint"",""coordinates"":[]}"
95,0.768,1,24.65000000000005,1,-999.0,0,1,2007-12,13.547432548769109,12,101277.78025768649,0.0038691079535945233,19.4318724068263,1.511963801753432,2007,"{""type"":""MultiPoint"",""coordinates"":[]}"
96,0.794,1,24.18000000000002,1,-999.0,0,1,2008-01,13.054785111129945,1,101248.95708900371,1.4540136857523898,18.86598064873806,1.5858218128087498,2008,"{""type"":""MultiPoint"",""coordinates"":[]}"
97,0.883,1,26.160000000000025,1,-999.0,0,1,2008-02,12.782486588927497,2,101245.24764278019,0.48583100291100456,19.50836474539227,1.2723699202282381,2008,"{""type"":""MultiPoint"",""coordinates"":[]}"
98,0.858,1,31.370000000000033,1,-999.0,0,1,2008-03,19.802129774196146,3,100773.12690587198,1.6100100931654902,25.936328260360256,1.5505780183957583,2008,"{""type"":""MultiPoint"",""coordinates"":[]}"
99,0.645,1,33.29500000000003,1,-999.0,0,1,2008-04,21.73811901940246,4,100504.63188476562,2.0190718763444693,28.730311245388577,2.165187556766959,2008,"{""type"":""MultiPoint"",""coordinates"":[]}"
100,0.883,1,31.57000000000005,1,-999.0,0,1,2008-05,24.583782716976714,5,100173.56607022847,7.128081547439284,29.05444755144015,1.8299302703070879,2008,"{""type"":""MultiPoint"",""coordinates"":[]}"
101,-999,0,-999,0,-999.0,0,1,2008-06,24.947260750664668,6,99977.95646158856,11.410082527227178,27.31538463168681,3.0120852937175715,2008,"{""type"":""MultiPoint"",""coordinates"":[]}"
102,-999,0,-999,0,-999.0,0,1,2008-07,24.944298208913438,7,99953.58707682294,13.722293283836754,27.14932216931419,2.960404608300071,2008,"{""type"":""MultiPoint"",""coordinates"":[]}"
103,-999,0,32.53000000000003,1,-999.0,0,1,2008-08,24.954757247432553,8,100121.07168283769,9.418159774135061,27.529968372467977,2.8882821553449394,2008,"{""type"":""MultiPoint"",""coordinates"":[]}"
104,0.56,1,30.920000000000016,1,-999.0,0,1,2008-09,24.80914041731097,9,100387.27218424478,11.755474414636186,27.36802955203592,1.8020298112306739,2008,"{""type"":""MultiPoint"",""coordinates"":[]}"
105,0.467,1,31.18500000000003,1,-999.0,0,1,2008-10,22.57327933772922,10,100850.66544333838,7.047427177150051,25.750139429235958,1.3863000873506242,2008,"{""type"":""MultiPoint"",""coordinates"":[]}"
106,0.323,1,29.250000000000018,1,-999.0,0,1,2008-11,17.963466983371347,11,101137.84284396701,0.012295504661115803,22.80068266126841,1.0812423421976993,2008,"{""type"":""MultiPoint"",""coordinates"":[]}"
107,0.809,1,26.263333333333378,1,-999.0,0,1,2008-12,15.918001593312965,12,101297.00914083503,0.026396340040438674,21.00432566981158,0.9198420908403786,2008,"{""type"":""MultiPoint"",""coordinates"":[]}"
108,0.989,1,25.510000000000034,1,-999.0,0,1,2009-01,14.313900863483411,1,101390.24199323758,0.013748085347716156,20.453649016349573,1.3434157415866284,2009,"{""type"":""MultiPoint"",""coordinates"":[]}"
109,0.634,1,29.835000000000022,1,-999.0,0,1,2009-02,13.273635255722752,2,101007.32999674477,0.12144425916536607,22.60737494514109,1.9225741941707206,2009,"{""type"":""MultiPoint"",""coordinates"":[]}"
110,0.788,1,32.445000000000036,1,-999.0,0,1,2009-03,16.781269430345105,3,100836.02695522511,4.102268229387612,26.30112335041008,1.3121354605960276,2009,"{""type"":""MultiPoint"",""coordinates"":[]}"
111,0.6940000000000001,1,33.99000000000003,1,-999.0,0,1,2009-04,22.853894064161523,4,100478.10020616317,1.0556296114890766,28.822039349873933,2.472536274323017,2009,"{""type"":""MultiPoint"",""coordinates"":[]}"
112,0.797,1,32.805000000000035,1,-999.0,0,1,2009-05,24.390428735876583,5,100273.90389784946,8.95599264933527,28.451192207746658,1.9515684104933115,2009,"{""type"":""MultiPoint"",""coordinates"":[]}"
113,1.0070000000000001,1,-999,0,-999.0,0,1,2009-06,25.9459096484714,6,99938.61828342013,6.846096515773799,29.09275881449389,2.8882891073897685,2009,"{""type"":""MultiPoint"",""coordinates"":[]}"
114,-999,0,32.39000000000004,1,-999.0,0,1,2009-07,25.13087472402924,7,99878.67139721943,10.894066203731073,27.95572232482266,3.255679714114297,2009,"{""type"":""MultiPoint"",""coordinates"":[]}"
115,0.862,1,31.110000000000042,1,-999.0,0,1,2009-08,25.46228005604081,8,100199.32540007558,14.271231723016069,27.76274954683032,2.428896721286143,2009,"{""type"":""MultiPoint"",""coordinates"":[]}"
116,0.644,1,32.80000000000001,1,-999.0,0,1,2009-09,25.045251973470158,9,100371.78442925349,8.98956312799939,27.587322086758093,2.0256274586322873,2009,"{""type"":""MultiPoint"",""coordinates"":[]}"
117,0.501,1,33.163333333333355,1,-999.0,0,1,2009-10,22.405286038306485,10,100776.81587596607,4.48847990953512,26.009565751270543,1.3859300490853745,2009,"{""type"":""MultiPoint"",""coordinates"":[]}"
118,0.61,1,29.675000000000026,1,-999.0,0,1,2009-11,18.027522023518884,11,101119.0701497396,0.37762885967431714,24.307728788587838,1.1357119556421884,2009,"{""type"":""MultiPoint"",""coordinates"":[]}"
119,0.872,1,25.53000000000003,1,-999.0,0,1,2009-12,13.581488443190096,12,101353.74612525203,0.008260534364978867,19.999555308844435,1.2288657887117502,2009,"{""type"":""MultiPoint"",""coordinates"":[]}"
120,0.711,1,24.880000000000038,1,-999.0,0,1,2010-01,12.846029064219522,1,101433.60493846607,0.01566178087841763,18.88699099633004,1.8868770373046808,2010,"{""type"":""MultiPoint"",""coordinates"":[]}"
121,0.798,1,28.77500000000002,1,-999.0,0,1,2010-02,13.757189301082121,2,101177.14714122955,0.471246226243695,22.479022666386243,1.2453075093812793,2010,"{""type"":""MultiPoint"",""coordinates"":[]}"
122,0.677,1,32.65500000000003,1,-999.0,0,1,2010-03,18.937469388079876,3,100781.87131951444,2.1324295099714257,28.06619536287053,2.366552392479687,2010,"{""type"":""MultiPoint"",""coordinates"":[]}"
123,0.801,1,33.60000000000002,1,-999.0,0,1,2010-04,24.043177392747623,4,100503.82287326391,4.571551145374997,29.847325091891776,3.438091642820515,2010,"{""type"":""MultiPoint"",""coordinates"":[]}"
124,0.9440000000000001,1,34.180000000000035,1,-999.0,0,1,2010-05,25.1674590244088,5,100241.42272555444,10.818221033676561,28.511050222253346,2.6332510938850024,2010,"{""type"":""MultiPoint"",""coordinates"":[]}"
125,1.186,1,-999,0,-999.0,0,1,2010-06,25.908892334832103,6,100070.22924804689,18.26213468040005,28.38244578043623,3.211472478006307,2010,"{""type"":""MultiPoint"",""coordinates"":[]}"
126,-999,0,32.49000000000001,1,-999.0,0,1,2010-07,25.319747666389617,7,100182.90569871473,7.399622340758717,28.23081314743206,3.108608587276343,2010,"{""type"":""MultiPoint"",""coordinates"":[]}"
127,0.462,1,29.590000000000032,1,-999.0,0,1,2010-08,25.332350380190007,8,100298.77733849965,6.268619123690335,28.354312207621945,2.4267111583634855,2010,"{""type"":""MultiPoint"",""coordinates"":[]}"
128,-999,0,35.49000000000001,1,-999.0,0,1,2010-09,24.944709714253747,9,100482.22100151911,8.256543012688885,27.503069792853523,2.014907380761898,2010,"{""type"":""MultiPoint"",""coordinates"":[]}"
129,0.46,1,32.3366666666667,1,-999.0,0,1,2010-10,23.699358548400312,10,100605.26596102152,5.605484605816576,26.899205144246366,1.1692608372169577,2010,"{""type"":""MultiPoint"",""coordinates"":[]}"
130,0.685,1,30.00000000000003,1,-999.0,0,1,2010-11,18.719337209065827,11,101059.37153320313,0.30543493140650446,24.1859996159871,1.1624817112253711,2010,"{""type"":""MultiPoint"",""coordinates"":[]}"
131,0.6990000000000001,1,25.410000000000025,1,-999.0,0,1,2010-12,13.592143795054483,12,101041.5068779402,1.2875359307070624,19.404680219260626,1.4857266864056857,2010,"{""type"":""MultiPoint"",""coordinates"":[]}"
132,1.089,1,23.085000000000036,1,-999.0,0,1,2011-01,11.371607860442225,1,101230.77577389953,0.03911222591840112,17.808327795869673,1.3760115292511184,2011,"{""type"":""MultiPoint"",""coordinates"":[]}"
133,0.78,1,29.260000000000034,1,-999.0,0,1,2011-02,12.936931796300996,2,101085.83440871465,0.09159494995333464,21.854319599696566,1.499643089901309,2011,"{""type"":""MultiPoint"",""coordinates"":[]}"
134,0.683,1,32.35500000000005,1,-999.0,0,1,2011-03,17.556480005735978,3,100832.06004809306,2.4815095311427533,25.813357187086638,2.058484436377021,2011,"{""type"":""MultiPoint"",""coordinates"":[]}"
135,0.789,1,32.450000000000024,1,-999.0,0,1,2011-04,22.237970267401863,4,100756.07864583333,3.616278640053968,27.14592319064684,1.2161970553628898,2011,"{""type"":""MultiPoint"",""coordinates"":[]}"
136,0.8310000000000001,1,33.310000000000024,1,-999.0,0,1,2011-05,24.6246034847793,5,100328.81555569555,13.009716882607913,27.680554921139958,1.8920482368787528,2011,"{""type"":""MultiPoint"",""coordinates"":[]}"
137,-999,0,33.59000000000003,1,-999.0,0,1,2011-06,25.33465696970626,6,99882.2600423177,14.573225563330183,27.644758881462963,2.8902989526976905,2011,"{""type"":""MultiPoint"",""coordinates"":[]}"
138,0.749,1,32.01000000000005,1,-999.0,0,1,2011-07,24.947231034309766,7,100050.23838625672,9.320780505980508,27.794046881891006,2.707215510725897,2011,"{""type"":""MultiPoint"",""coordinates"":[]}"
139,-999,0,34.93000000000001,1,-999.0,0,1,2011-08,24.86938504044724,8,100171.98210685483,13.746228539009767,27.095801064275975,2.6081659499628724,2011,"{""type"":""MultiPoint"",""coordinates"":[]}"
140,0.627,1,31.80000000000001,1,-999.0,0,1,2011-09,24.756102964613262,9,100255.01872287327,9.35422183070867,27.470249917772037,2.477836032817054,2011,"{""type"":""MultiPoint"",""coordinates"":[]}"
141,0.685,1,32.57000000000003,1,-999.0,0,1,2011-10,22.99590228501188,10,100810.30409421206,1.6823736715778637,26.992292945615702,0.9531159030037699,2011,"{""type"":""MultiPoint"",""coordinates"":[]}"
142,0.8170000000000001,1,30.055000000000035,1,-999.0,0,1,2011-11,16.80467847188322,11,101162.63056640625,0.1093821106495104,23.03222719828284,1.1939664320389054,2011,"{""type"":""MultiPoint"",""coordinates"":[]}"
143,0.733,1,25.49500000000002,1,-999.0,0,1,2011-12,14.355232923774395,12,101289.40996723791,0.00709608941081243,19.85905225610219,1.3950122239300085,2011,"{""type"":""MultiPoint"",""coordinates"":[]}"
144,0.994,1,24.175000000000026,1,-999.0,0,1,2012-01,12.469388518794915,1,101336.54865486393,0.7119815987008662,18.158674863589795,1.4654065705756392,2012,"{""type"":""MultiPoint"",""coordinates"":[]}"
145,0.744,1,28.675000000000026,1,-999.0,0,1,2012-02,11.916734204347108,2,101029.6572490122,0.08685056029819328,21.462232909805493,1.5991437926965735,2012,"{""type"":""MultiPoint"",""coordinates"":[]}"
146,0.789,1,32.055000000000035,1,-999.0,0,1,2012-03,16.537583964358078,3,100803.70741977486,0.3770538234313392,26.458276736351763,1.5749365284904262,2012,"{""type"":""MultiPoint"",""coordinates"":[]}"
147,0.759,1,32.77500000000002,1,-999.0,0,1,2012-04,23.04843794504808,4,100573.4655219184,9.223281201909472,27.063304752773718,2.187842289520624,2012,"{""type"":""MultiPoint"",""coordinates"":[]}"
148,1.052,1,35.30000000000004,1,-999.0,0,1,2012-05,24.849558171918318,5,100204.79979418681,3.764663275719746,29.31658780497895,2.2290811838044444,2012,"{""type"":""MultiPoint"",""coordinates"":[]}"
149,1.1380000000000001,1,32.190000000000055,1,-999.0,0,1,2012-06,25.910813013712584,6,99716.11082899306,10.752246962139605,29.17701136271154,3.544923927041894,2012,"{""type"":""MultiPoint"",""coordinates"":[]}"
150,-999,0,-999,0,-999.0,0,1,2012-07,24.946166344099197,7,99907.15819262434,7.987801754160433,27.74827890293568,3.592703405901158,2012,"{""type"":""MultiPoint"",""coordinates"":[]}"
151,-999,0,-999,0,-999.0,0,1,2012-08,24.87709679962495,8,100139.82028624832,9.087516874718892,27.695721029466142,2.736063338519134,2012,"{""type"":""MultiPoint"",""coordinates"":[]}"
152,0.722,1,-999,0,-999.0,0,1,2012-09,24.92341950734459,9,100478.18195529516,8.66784277590516,27.452625083923408,2.273178937659614,2012,"{""type"":""MultiPoint"",""coordinates"":[]}"
153,0.512,1,32.703333333333354,1,-999.0,0,1,2012-10,21.95191909215788,10,100938.91148458504,5.196739226261551,25.649591515653867,1.4347452124551416,2012,"{""type"":""MultiPoint"",""coordinates"":[]}"
154,0.607,1,28.476666666666706,1,-999.0,0,1,2012-11,16.795945337083594,11,101098.86670464411,1.9959436078478872,21.776335016886435,1.3827681988894618,2012,"{""type"":""MultiPoint"",""coordinates"":[]}"
155,0.8240000000000001,1,23.550000000000026,1,-999.0,0,1,2012-12,13.814359221919915,12,101251.65869140625,0.15931282840669736,18.601067725560995,1.425131096225661,2012,"{""type"":""MultiPoint"",""coordinates"":[]}"
156,1.083,1,23.67000000000003,1,-999.0,0,1,2013-01,11.218687537408698,1,101442.09753024194,0.011363391522197177,17.349454867455165,1.575697041705015,2013,"{""type"":""MultiPoint"",""coordinates"":[]}"
157,0.552,1,30.055000000000035,1,-999.0,0,1,2013-02,13.03589267276584,2,101252.10351562499,0.3766066796251672,21.355156176430853,2.00170444681146,2013,"{""type"":""MultiPoint"",""coordinates"":[]}"
158,0.66,1,34.210000000000036,1,-999.0,0,1,2013-03,17.0104620205459,3,100923.91272891464,0.19447120182360872,26.421118200978867,1.5142794875756243,2013,"{""type"":""MultiPoint"",""coordinates"":[]}"
159,0.709,1,35.06000000000003,1,-999.0,0,1,2013-04,21.64021341535789,4,100570.55466037327,3.756471704041668,28.04636647966163,1.9745421720144598,2013,"{""type"":""MultiPoint"",""coordinates"":[]}"
160,0.919,1,25.55000000000001,1,-999.0,0,1,2013-05,24.274492456579765,5,100229.9142987651,20.672934119758107,26.647443287347016,2.607712580046444,2013,"{""type"":""MultiPoint"",""coordinates"":[]}"
161,0.597,1,36.13000000000005,1,-999.0,0,1,2013-06,25.151630126105374,6,99988.77968750003,4.867045891509273,28.4883603837755,2.400285074274883,2013,"{""type"":""MultiPoint"",""coordinates"":[]}"
162,-999,0,-999,0,-999.0,0,1,2013-07,24.740071581768746,7,99926.75712995633,5.03491732450376,27.87860368708141,3.417442952250382,2013,"{""type"":""MultiPoint"",""coordinates"":[]}"
163,-999,0,-999,0,-999.0,0,1,2013-08,24.717901955881473,8,100181.11546013942,8.34624406406425,27.24902303552119,2.6645200196775902,2013,"{""type"":""MultiPoint"",""coordinates"":[]}"
164,0.594,1,33.39000000000004,1,-999.0,0,1,2013-09,24.93585391574436,9,100403.55320095486,8.006969856620099,27.421430354648123,1.7409303150934796,2013,"{""type"":""MultiPoint"",""coordinates"":[]}"
165,0.586,1,31.45666666666669,1,-999.0,0,1,2013-10,22.980058821811497,10,100918.42441091228,5.8670614034907524,25.816656428511408,1.1694923358845597,2013,"{""type"":""MultiPoint"",""coordinates"":[]}"
166,0.47300000000000003,1,30.560000000000016,1,-999.0,0,1,2013-11,16.17089152865941,11,101192.96303710938,0.007859733238291255,21.924854638841396,1.6008426182540052,2013,"{""type"":""MultiPoint"",""coordinates"":[]}"
167,1.041,1,25.57500000000003,1,-999.0,0,1,2013-12,13.713149745490057,12,101333.66648290493,0.06634237656196859,19.537053311255704,1.2909681145432212,2013,"{""type"":""MultiPoint"",""coordinates"":[]}"
168,0.756,1,24.820000000000036,1,-999.0,0,1,2014-01,12.959160843715892,1,101556.24238701277,0.031426928061254356,18.208955301264382,1.7117130951169666,2014,"{""type"":""MultiPoint"",""coordinates"":[]}"
169,0.833,1,28.120000000000033,1,-999.0,0,1,2014-02,13.704502337319582,2,101192.8755812872,2.1024014221975307,19.86601945786248,1.6188941923188227,2014,"{""type"":""MultiPoint"",""coordinates"":[]}"
170,0.532,1,34.800000000000026,1,-999.0,0,1,2014-03,16.042365789926237,3,101080.32113155242,0.7042537647191327,24.720060090095842,1.66659208567661,2014,"{""type"":""MultiPoint"",""coordinates"":[]}"
171,0.796,1,36.09000000000003,1,-999.0,0,1,2014-04,21.1559085210165,4,100686.3404513889,2.1494609399281233,29.123327340020126,1.5264780055353417,2014,"{""type"":""MultiPoint"",""coordinates"":[]}"
172,0.774,1,33.505000000000024,1,-999.0,0,1,2014-05,24.473113796275186,5,100421.3346144153,6.039276750184151,29.314823630548176,2.6091672790911167,2014,"{""type"":""MultiPoint"",""coordinates"":[]}"
173,1.197,1,29.33000000000004,1,-999.0,0,1,2014-06,25.668193054199264,6,99873.0064561632,11.857291748220552,28.50383964114718,2.507275185115715,2014,"{""type"":""MultiPoint"",""coordinates"":[]}"
174,0.488,1,-999,0,-999.0,0,1,2014-07,25.144192611530343,7,99941.23523080477,5.528374086654276,28.268114241733315,3.3137625321499145,2014,"{""type"":""MultiPoint"",""coordinates"":[]}"
175,-999,0,33.690000000000055,1,-999.0,0,1,2014-08,25.086174901326558,8,100195.58264553931,9.307668881171546,27.61602449724751,2.820902509318392,2014,"{""type"":""MultiPoint"",""coordinates"":[]}"
176,0.8160000000000001,1,32.80000000000004,1,-999.0,0,1,2014-09,24.585749477810396,9,100489.25354275174,5.596048564933653,27.624923833211312,2.1592617402328633,2014,"{""type"":""MultiPoint"",""coordinates"":[]}"
177,0.556,1,31.980000000000018,1,-999.0,0,1,2014-10,22.320992283154624,10,101024.7056766633,2.111603954625432,26.150458846553704,0.9682604948332489,2014,"{""type"":""MultiPoint"",""coordinates"":[]}"
178,0.719,1,29.63500000000002,1,-999.0,0,1,2014-11,17.353502358330616,11,101140.91184895833,0.09642009230527529,23.14285002814404,1.1017278010596079,2014,"{""type"":""MultiPoint"",""coordinates"":[]}"
179,0.711,1,25.710000000000008,1,-999.0,0,1,2014-12,14.946132093860228,12,101382.48411248319,0.1075891308828881,19.576013368175836,1.4138273627953628,2014,"{""type"":""MultiPoint"",""coordinates"":[]}"
180,0.846,1,25.035000000000025,1,-999.0,0,1,2015-01,13.85403287333827,1,101477.90179771504,0.4056881767825088,18.906560024138457,1.66816268698429,2015,"{""type"":""MultiPoint"",""coordinates"":[]}"
181,1.084,1,28.720000000000027,1,-999.0,0,1,2015-02,15.035936223893032,2,101331.24943033852,0.6273446630627534,21.498588180541958,1.3158502863700485,2015,"{""type"":""MultiPoint"",""coordinates"":[]}"
182,0.591,1,33.87500000000003,1,-999.0,0,1,2015-03,16.497555115402406,3,101168.85505397343,1.3450372797136185,25.34688148498543,1.5300283383899236,2015,"{""type"":""MultiPoint"",""coordinates"":[]}"
183,1.018,1,35.003333333333366,1,-999.0,0,1,2015-04,22.76076060401067,4,100809.84565429686,11.615544777856712,26.05204681820345,1.6638000446373666,2015,"{""type"":""MultiPoint"",""coordinates"":[]}"
184,1.01,1,32.14333333333335,1,-999.0,0,1,2015-05,25.25914775479231,5,100429.29781481014,6.9847937477584034,28.549832403531695,2.159186439145456,2015,"{""type"":""MultiPoint"",""coordinates"":[]}"
185,0.889,1,35.49000000000001,1,-999.0,0,1,2015-06,25.200483597649452,6,100087.29855685764,10.024846159509693,28.320486005147302,3.103812058157357,2015,"{""type"":""MultiPoint"",""coordinates"":[]}"
186,-999,0,-999,0,-999.0,0,1,2015-07,24.982527566725196,7,99920.43048555111,19.323879563568852,27.11174022305397,2.6031259577239263,2015,"{""type"":""MultiPoint"",""coordinates"":[]}"
187,-999,0,-999,0,-999.0,0,1,2015-08,25.158590960759,8,100247.3940639701,11.770135588893282,27.73401786229948,2.8091158625475847,2015,"{""type"":""MultiPoint"",""coordinates"":[]}"
188,0.785,1,32.29000000000002,1,-999.0,0,1,2015-09,25.088259696960506,9,100499.22737630206,9.237012653784522,28.01412315368657,1.8366712117607757,2015,"{""type"":""MultiPoint"",""coordinates"":[]}"
189,0.8260000000000001,1,31.650000000000034,1,-999.0,0,1,2015-10,22.602349668933527,10,101019.85683383734,3.766469913245721,26.08992243120747,1.066329171064637,2015,"{""type"":""MultiPoint"",""coordinates"":[]}"
190,0.5720000000000001,1,30.955000000000027,1,-999.0,0,1,2015-11,17.954828580220635,11,101241.86985677085,0.24341849622970813,23.398490164015016,1.043746346045147,2015,"{""type"":""MultiPoint"",""coordinates"":[]}"
191,1.1260000000000001,1,24.210000000000036,1,-999.0,0,1,2015-12,14.547697239537342,12,101475.67714633737,0.330663027055938,19.68079038640502,1.1440388538670123,2015,"{""type"":""MultiPoint"",""coordinates"":[]}"
192,1.2690000000000001,1,23.705000000000027,1,-999.0,0,1,2016-01,12.761128792711531,1,101484.44841019825,0.247898885439144,18.356068445021094,1.33647714851535,2016,"{""type"":""MultiPoint"",""coordinates"":[]}"
193,1.3780000000000001,1,29.550000000000026,1,-999.0,0,1,2016-02,16.94809461133235,2,101339.28887728989,1.1304347195878128,22.84350574098778,1.0001618252882354,2016,"{""type"":""MultiPoint"",""coordinates"":[]}"
194,0.912,1,32.19000000000003,1,-999.0,0,1,2016-03,19.269040700440826,3,101035.70155514953,3.7717129445176565,26.4526770889118,1.4344988809465287,2016,"{""type"":""MultiPoint"",""coordinates"":[]}"
195,0.865,1,34.71000000000002,1,-999.0,0,1,2016-04,24.57866634792748,4,100454.18103298613,4.852150324849565,28.881328709920297,3.032767231107328,2016,"{""type"":""MultiPoint"",""coordinates"":[]}"
196,1.103,1,30.54333333333337,1,-999.0,0,1,2016-05,24.52933611715997,5,100391.84172337028,13.485684767567085,27.72340227762851,1.7617221950534196,2016,"{""type"":""MultiPoint"",""coordinates"":[]}"
197,0.788,1,34.59000000000003,1,-999.0,0,1,2016-06,25.230736690097444,6,100234.45513237848,7.068498345737595,28.35271277957486,2.232531537546825,2016,"{""type"":""MultiPoint"",""coordinates"":[]}"
198,-999,0,-999,0,-999.0,0,1,2016-07,25.20561020143583,7,100137.43456506214,11.504269000654757,27.56440155275402,3.004295247823565,2016,"{""type"":""MultiPoint"",""coordinates"":[]}"
199,0.321,1,27.53000000000003,1,-999.0,0,1,2016-08,25.002718759352206,8,100073.87455372143,7.426293667998102,28.210045320244262,2.802176856873548,2016,"{""type"":""MultiPoint"",""coordinates"":[]}"
200,0.35000000000000003,1,-999,0,-999.0,0,1,2016-09,25.13075936635329,9,100410.76556532118,8.059095988101816,27.88883813222259,1.8164974246704173,2016,"{""type"":""MultiPoint"",""coordinates"":[]}"
201,0.371,1,33.21500000000003,1,-999.0,0,1,2016-10,23.617234802246173,10,100678.00685168846,4.20359111071255,26.79980262428205,1.2829574519242566,2016,"{""type"":""MultiPoint"",""coordinates"":[]}"
202,0.506,1,29.30333333333336,1,-999.0,0,1,2016-11,18.498602167765398,11,101104.0597005208,1.3720910514981217,23.132281133863614,1.0392997924334615,2016,"{""type"":""MultiPoint"",""coordinates"":[]}"
203,0.743,1,26.970000000000027,1,-999.0,0,1,2016-12,15.646843149328788,12,101279.52381552418,0.012708756419934918,20.884917339201934,1.415877862824935,2016,"{""type"":""MultiPoint"",""coordinates"":[]}"
204,0.717,1,25.62500000000003,1,-999.0,0,1,2017-01,12.643043649324795,1,101399.64927230342,0.010184399284738785,19.169341762091506,1.9488173718594488,2017,"{""type"":""MultiPoint"",""coordinates"":[]}"
205,0.875,1,29.660000000000025,1,-999.0,0,1,2017-02,14.030909588223324,2,101292.77398972285,0.13843435202964827,22.327674302600656,1.5693333289745244,2017,"{""type"":""MultiPoint"",""coordinates"":[]}"
206,0.834,1,30.555000000000035,1,-999.0,0,1,2017-03,18.3247837230723,3,100945.18333648352,3.1100531260741096,23.965996042887355,1.494985387048168,2017,"{""type"":""MultiPoint"",""coordinates"":[]}"
207,0.932,1,33.03000000000005,1,-999.0,0,1,2017-04,23.20637864006892,4,100622.00920681424,11.554573012491668,26.983227941724977,2.236729223908243,2017,"{""type"":""MultiPoint"",""coordinates"":[]}"
208,1.0110000000000001,1,31.490000000000048,1,-999.0,0,1,2017-05,25.06570658940143,5,100435.2310200353,9.9723058313007,28.325860739267,1.3313992965913397,2017,"{""type"":""MultiPoint"",""coordinates"":[]}"
209,-999,0,-999,0,-999.0,0,1,2017-06,25.5685348934598,6,100033.27095811632,16.861383136673897,28.08047584957552,2.4405809781868815,2017,"{""type"":""MultiPoint"",""coordinates"":[]}"
210,-999,0,-999,0,-999.0,0,1,2017-07,25.166306452597382,7,100055.47373781924,12.891922111299825,27.55507441284834,2.9069087508541482,2017,"{""type"":""MultiPoint"",""coordinates"":[]}"
211,-999,0,27.78000000000003,1,-999.0,0,1,2017-08,25.29026339951389,8,100196.05930254536,11.26893507114598,28.045226751348025,2.3894412920980064,2017,"{""type"":""MultiPoint"",""coordinates"":[]}"
212,0.629,1,33.950000000000045,1,-999.0,0,1,2017-09,25.30549295213484,9,100480.31342230905,10.206888044257312,27.859363555908203,1.7457540246962955,2017,"{""type"":""MultiPoint"",""coordinates"":[]}"
213,0.669,1,30.8566666666667,1,-999.0,0,1,2017-10,23.27506929623189,10,100741.9754966818,7.37349778646436,26.403763584424098,1.5223328945459036,2017,"{""type"":""MultiPoint"",""coordinates"":[]}"
214,0.534,1,30.295000000000016,1,-999.0,0,1,2017-11,17.828831524319185,11,101115.05176323786,0.25049069993841044,23.27180192735466,1.55861937694919,2017,"{""type"":""MultiPoint"",""coordinates"":[]}"
215,0.632,1,25.815000000000026,1,-999.0,0,1,2017-12,16.039360464772813,12,101354.86008904569,3.5828811981884066,19.86019996725105,1.2005196199570796,2017,"{""type"":""MultiPoint"",""coordinates"":[]}"
216,1.038,1,23.54000000000005,1,-999.0,0,1,2018-01,12.14357756337813,1,101233.45817582322,0.028306220778472013,17.41182795698927,1.6459460999380164,2018,"{""type"":""MultiPoint"",""coordinates"":[]}"
217,1.034,1,29.225000000000037,1,-999.0,0,1,2018-02,15.008187412080304,2,101240.67002650668,0.13279037906536015,22.192650935763425,1.2258621989409042,2018,"{""type"":""MultiPoint"",""coordinates"":[]}"
218,0.833,1,32.71000000000002,1,-999.0,0,1,2018-03,18.253413608510016,3,100890.06150243618,2.0861171042220863,26.208253663585992,1.4442782082577064,2018,"{""type"":""MultiPoint"",""coordinates"":[]}"
219,0.879,1,32.78333333333336,1,-999.0,0,1,2018-04,22.79589167700874,4,100763.98767903648,7.285420711450404,26.5698411941529,1.3286985274468044,2018,"{""type"":""MultiPoint"",""coordinates"":[]}"
220,0.988,1,30.136666666666695,1,-999.0,0,1,2018-05,24.047969764791503,5,100523.04095787129,13.86087151740374,26.77502524263116,1.8689513568474068,2018,"{""type"":""MultiPoint"",""coordinates"":[]}"
221,1.125,1,34.05000000000001,1,9.011345017435295E-5,1,1,2018-06,25.686248779296818,6,99956.21692708335,10.559574638084968,28.5119457032946,2.341920965178151,2018,"{""type"":""MultiPoint"",""coordinates"":[]}"
222,-999,0,-999,0,6.359502438738845E-5,1,1,2018-07,25.24179414318462,7,99871.82670740927,8.752304804486682,28.11254159660757,3.1840161969162586,2018,"{""type"":""MultiPoint"",""coordinates"":[]}"
223,-999,0,32.75000000000003,1,5.292095739253555E-5,1,1,2018-08,25.152024984872583,8,99967.69711861557,5.024248406868992,28.34582405500521,2.782589262448048,2018,"{""type"":""MultiPoint"",""coordinates"":[]}"
224,0.653,1,35.03000000000003,1,2.1724042970695063E-4,1,1,2018-09,24.98749889797631,9,100537.37006293403,4.588856055628672,28.3179939693876,2.0347470871027484,2018,"{""type"":""MultiPoint"",""coordinates"":[]}"
225,0.768,1,32.350000000000044,1,1.7387950508687095E-4,1,1,2018-10,21.55745765521965,10,101052.0682123656,3.334434524867627,25.767708694293958,1.1283510015712932,2018,"{""type"":""MultiPoint"",""coordinates"":[]}"
226,0.682,1,29.93500000000003,1,2.351992761615942E-4,1,1,2018-11,17.57876209682894,11,101270.12401801214,0.16104401674894575,23.367315228780058,1.002154364945187,2018,"{""type"":""MultiPoint"",""coordinates"":[]}"
227,0.612,1,25.97000000000004,1,1.849653277874227E-4,1,1,2018-12,13.29407635350384,12,101404.5177828881,1.0770504130200902,19.243325395481577,1.7261091817026613,2018,"{""type"":""MultiPoint"",""coordinates"":[]}"
228,0.793,1,26.39000000000003,1,2.0431587045563877E-4,1,1,2019-01,11.940305184805311,1,101525.43138860886,0.00919946586521295,19.06687245112596,1.7231587634702041,2019,"{""type"":""MultiPoint"",""coordinates"":[]}"
229,0.728,1,28.270000000000024,1,2.2553871535289837E-4,1,1,2019-02,13.887624268304762,2,101341.40126836869,1.5142725831476562,21.522273363385864,1.4757237155548595,2019,"{""type"":""MultiPoint"",""coordinates"":[]}"
230,0.765,1,31.62500000000003,1,1.8826958119526324E-4,1,1,2019-03,16.985611626409764,3,101043.72371156754,1.5844405084675464,25.11923938464099,1.4149175929386428,2019,"{""type"":""MultiPoint"",""coordinates"":[]}"
231,0.859,1,35.03000000000003,1,1.0850701691283558E-4,1,1,2019-04,22.80694277021621,4,100758.39527452257,5.568128064930988,26.876729562547496,1.4472876308974263,2019,"{""type"":""MultiPoint"",""coordinates"":[]}"
232,1.008,1,32.58000000000004,1,7.782437874835423E-5,1,1,2019-05,25.358306257186428,5,100372.4758327033,8.28115234188171,29.33784668214861,2.5753527714329025,2019,"{""type"":""MultiPoint"",""coordinates"":[]}"
233,1.167,1,30.510000000000048,1,8.199489097117618E-5,1,1,2019-06,25.813751856485965,6,100092.66794704863,11.057519629777227,28.739179166158124,2.3380366029635797,2019,"{""type"":""MultiPoint"",""coordinates"":[]}"
234,-999,0,-999,0,5.840373903258592E-5,1,1,2019-07,25.60919586099601,7,100009.10063844088,8.826216800927693,28.465603990452337,3.154727556618078,2019,"{""type"":""MultiPoint"",""coordinates"":[]}"
235,-999,0,33.13000000000005,1,5.046299737756549E-5,1,1,2019-08,25.428653212516565,8,100057.72397933468,7.81127227807473,28.50484988304885,2.5694069314446524,2019,"{""type"":""MultiPoint"",""coordinates"":[]}"
236,-999,0,33.01000000000002,1,1.4849416267465054E-4,1,1,2019-09,24.934736802842906,9,100616.26972656249,6.662506910415189,27.85024513668492,2.07715724211158,2019,"{""type"":""MultiPoint"",""coordinates"":[]}"
237,0.578,1,31.970000000000027,1,1.2286010294854078E-4,1,1,2019-10,23.181126674529025,10,101000.41300718246,5.664197680906044,26.16810938927449,1.1884161243163411,2019,"{""type"":""MultiPoint"",""coordinates"":[]}"
238,0.5680000000000001,1,30.205000000000027,1,2.1163400968500718E-4,1,1,2019-11,19.803292571173756,11,101158.28538953993,2.798436515428785,23.502815522087985,1.1281013597259222,2019,"{""type"":""MultiPoint"",""coordinates"":[]}"
239,0.788,1,24.620000000000033,1,1.6247033671219532E-4,1,1,2019-12,14.292769388998806,12,101512.17138671874,0.3250500480966652,19.00726319179745,1.5745809769403591,2019,"{""type"":""MultiPoint"",""coordinates"":[]}"
240,1.086,1,24.623333333333353,1,2.000628015099745E-4,1,1,2020-01,13.55068492684319,1,101440.69051369288,0.3068775991779843,18.007956933462538,1.3677237885896345,2020,"{""type"":""MultiPoint"",""coordinates"":[]}"
241,0.998,1,28.430000000000035,1,2.122839245312566E-4,1,1,2020-02,12.72401100684857,2,101429.31303318066,0.3875263937778303,20.364950456290444,1.3377002341985647,2020,"{""type"":""MultiPoint"",""coordinates"":[]}"
242,0.674,1,34.49000000000004,1,1.8870814180547545E-4,1,1,2020-03,16.718797753446836,3,101040.83258253532,1.0528313981945718,24.8639639659595,1.1812771153735375,2020,"{""type"":""MultiPoint"",""coordinates"":[]}"
243,0.725,1,36.49000000000001,1,4.746356101676113E-5,1,1,2020-04,21.634215905931285,4,100854.62605794266,9.039107873547536,26.91559458838566,1.3179817816724486,2020,"{""type"":""MultiPoint"",""coordinates"":[]}"
244,0.8150000000000001,1,35.24000000000004,1,7.687898831467223E-5,1,1,2020-05,24.47494856311431,5,100483.28051495297,8.841759085617166,27.709412429153247,1.9195107414629051,2020,"{""type"":""MultiPoint"",""coordinates"":[]}"
245,0.812,1,34.410000000000025,1,5.796039530830916E-5,1,1,2020-06,25.509302075704,6,100198.70723198784,12.465297561026862,27.979623582627994,2.676559236417541,2020,"{""type"":""MultiPoint"",""coordinates"":[]}"
246,-999,0,-999,0,6.0659459429710045E-5,1,1,2020-07,25.618891078169668,7,100188.87302062332,10.941668452383235,28.132931789275176,2.791103251267686,2020,"{""type"":""MultiPoint"",""coordinates"":[]}"
247,0.685,1,33.83000000000004,1,5.563375395424084E-5,1,1,2020-08,25.421446162398126,8,100031.23145056285,8.215560171119446,28.22607502680961,2.977091559523784,2020,"{""type"":""MultiPoint"",""coordinates"":[]}"
248,0.429,1,-999,0,9.384811851337503E-5,1,1,2020-09,25.468666394551576,9,100388.32696940101,7.570265976205684,28.26559191809764,2.097707836506058,2020,"{""type"":""MultiPoint"",""coordinates"":[]}"
249,0.5670000000000001,1,31.810000000000045,1,1.9483240883286227E-4,1,1,2020-10,24.737787972727233,10,100592.88692876342,6.770510964997926,27.556531483640015,1.174775045659046,2020,"{""type"":""MultiPoint"",""coordinates"":[]}"
250,0.532,1,30.463333333333367,1,1.9879770591458524E-4,1,1,2020-11,17.855554835001612,11,101268.18178710938,0.436916136286906,23.08966181013318,1.4381553607075281,2020,"{""type"":""MultiPoint"",""coordinates"":[]}"
251,1.037,1,26.09666666666671,1,2.5984699654566635E-4,1,1,2020-12,13.955694883613205,12,101343.63137915828,0.013758498730273839,19.415397795810463,1.4110527717759345,2020,"{""type"":""MultiPoint"",""coordinates"":[]}"
252,1.2610000000000001,1,24.02333333333337,1,3.6553182298956966E-4,1,1,2021-01,12.940515731483345,1,101282.77977465557,0.1260604068585464,18.804074736564417,1.4307330922771946,2021,"{""type"":""MultiPoint"",""coordinates"":[]}"
253,0.993,1,29.65500000000003,1,3.0688332003588834E-4,1,1,2021-02,13.426574507213843,2,101217.71927315848,0.0864680057604618,21.37849948973883,1.5868647888108378,2021,"{""type"":""MultiPoint"",""coordinates"":[]}"
254,1.051,1,33.710000000000036,1,3.2936375366050786E-4,1,1,2021-03,17.996604209817917,3,100872.37256384408,0.4189901320755771,26.84141034772324,1.1007801730832272,2021,"{""type"":""MultiPoint"",""coordinates"":[]}"
255,0.916,1,34.910000000000025,1,1.60217620386206E-4,1,1,2021-04,20.778495746188696,4,100716.91656901041,0.5783403625482464,29.606188625759557,1.6406713519138862,2021,"{""type"":""MultiPoint"",""coordinates"":[]}"
256,0.756,1,35.83666666666668,1,1.0536136127799889E-4,1,1,2021-05,24.35404097444274,5,100447.85009240589,9.19535222802224,28.312774974043577,1.726004780750944,2021,"{""type"":""MultiPoint"",""coordinates"":[]}"
257,-999,0,-999,0,7.152936913440607E-5,1,1,2021-06,25.258536084493073,6,100132.9151421441,15.446013042491677,27.438747554355245,2.810758369778705,2021,"{""type"":""MultiPoint"",""coordinates"":[]}"
258,-999,0,-999,0,5.387146453662057E-5,1,1,2021-07,25.387806172524733,7,100027.8428626932,9.446228445149758,28.107462368216545,2.627472553815226,2021,"{""type"":""MultiPoint"",""coordinates"":[]}"
259,-999,0,32.85000000000002,1,9.412803544306843E-5,1,1,2021-08,25.381397768246245,8,100277.89602234545,10.06652987806643,27.881353981264226,2.3739693503308974,2021,"{""type"":""MultiPoint"",""coordinates"":[]}"
260,0.467,1,33.55000000000001,1,9.714649438906892E-5,1,1,2021-09,25.008234214782703,9,100475.49420572916,6.487103283594327,27.986128679911474,1.5873576327841599,2021,"{""type"":""MultiPoint"",""coordinates"":[]}"
261,0.713,1,31.7566666666667,1,1.444523659085299E-4,1,1,2021-10,23.755444258002797,10,100734.55457724296,4.258513803360727,27.151595298192888,1.2284680125949041,2021,"{""type"":""MultiPoint"",""coordinates"":[]}"
262,0.586,1,30.010000000000034,1,2.708242383274861E-4,1,1,2021-11,16.88090218438043,11,101117.11551649304,0.24000271249941346,22.39577297634554,1.2971948880714008,2021,"{""type"":""MultiPoint"",""coordinates"":[]}"
263,0.764,1,24.635000000000034,1,1.9474396131934345E-4,1,1,2021-12,14.833661118374152,12,101469.46678637432,3.8945001429361983,19.263868401640252,1.4611200805366098,2021,"{""type"":""MultiPoint"",""coordinates"":[]}"
264,1.137,1,23.920000000000016,1,3.645438719644538E-4,1,1,2022-01,13.306774352699222,1,101350.44930275537,0.5049159946012545,18.187328141735463,1.574065864567565,2022,"{""type"":""MultiPoint"",""coordinates"":[]}"
265,0.972,1,27.42500000000004,1,3.5222017589896443E-4,1,1,2022-02,12.951171652476035,2,101222.14850725446,1.2988184201213773,19.08258209228518,1.4392856862193326,2022,"{""type"":""MultiPoint"",""coordinates"":[]}"
266,0.8,1,32.62500000000003,1,3.2098566231183784E-4,1,1,2022-03,17.580584257392445,3,100787.9129651798,0.3957463334221337,26.44893115874254,2.038758405182727,2022,"{""type"":""MultiPoint"",""coordinates"":[]}"
267,1.014,1,32.79000000000002,1,1.1852699556202007E-4,1,1,2022-04,23.69684176974829,4,100587.493766276,4.2883400491011985,28.742691739400243,2.6684206353394355,2022,"{""type"":""MultiPoint"",""coordinates"":[]}"
268,0.988,1,34.81000000000003,1,7.991323923615143E-5,1,1,2022-05,24.624734722670723,5,100267.53027868783,8.84691918572798,27.982696808025366,2.0590741942902424,2022,"{""type"":""MultiPoint"",""coordinates"":[]}"
269,-999,0,31.210000000000036,1,1.0366688435484545E-4,1,1,2022-06,25.442709774441198,6,100155.3912434896,11.683522068528635,28.07179355621338,3.1220154431074585,2022,"{""type"":""MultiPoint"",""coordinates"":[]}"
270,0.384,1,-999,0,7.515842211980931E-5,1,1,2022-07,25.12434351110977,7,100180.20271547377,4.134404880874643,28.759811471098203,2.506702885616418,2022,"{""type"":""MultiPoint"",""coordinates"":[]}"
271,-999,0,30.690000000000055,1,8.441270516091756E-5,1,1,2022-08,24.960814063779765,8,100183.29106812835,4.266455625819807,28.724731658607425,2.553445601996031,2022,"{""type"":""MultiPoint"",""coordinates"":[]}"
272,0.619,1,-999,0,1.2259600623226356E-4,1,1,2022-09,25.246017943488255,9,100486.66221788195,10.106348995234407,27.943549876742964,1.6955422494493453,2022,"{""type"":""MultiPoint"",""coordinates"":[]}"
273,0.425,1,31.120000000000005,1,1.9218792316389862E-4,1,1,2022-10,22.69919121444866,10,100899.5043682796,5.288449152178513,26.32016962112914,1.3804574040738355,2022,"{""type"":""MultiPoint"",""coordinates"":[]}"
274,0.47800000000000004,1,30.17500000000004,1,2.30598006063934E-4,1,1,2022-11,17.38210976918549,11,101134.1238172743,0.015380602652233694,23.102929306030376,1.484610200317144,2022,"{""type"":""MultiPoint"",""coordinates"":[]}"
275,1.0070000000000001,1,26.990000000000027,1,3.671541521103732E-4,1,1,2022-12,14.523008949525945,12,101225.48151356688,0.03995659617503993,20.21638321415071,1.3885935743046511,2022,"{""type"":""MultiPoint"",""coordinates"":[]}"
276,1.469,1,24.75000000000003,1,2.7521729193706585E-4,1,1,2023-01,13.355588469966733,1,101430.93536311325,0.008598076253440284,18.9977948055473,1.5524562152844785,2023,"{""type"":""MultiPoint"",""coordinates"":[]}"
277,1.2570000000000001,1,28.860000000000042,1,2.7749982420843274E-4,1,1,2023-02,14.573437513623958,2,101203.10215541294,0.08843685796541426,22.132690570467958,1.3847425302411802,2023,"{""type"":""MultiPoint"",""coordinates"":[]}"
278,0.898,1,33.08000000000004,1,3.5910349417653085E-4,1,1,2023-03,18.358526627735444,3,101077.50574386762,3.050910059459645,25.002081520326726,1.1750614066281264,2023,"{""type"":""MultiPoint"",""coordinates"":[]}"
279,0.804,1,36.64333333333337,1,1.5777253432481183E-4,1,1,2023-04,20.80799859364828,4,100651.77539062499,1.2875639535253687,28.796199883354973,1.34379882082801,2023,"{""type"":""MultiPoint"",""coordinates"":[]}"
280,0.8150000000000001,1,34.660000000000025,1,1.4071169945874344E-4,1,1,2023-05,23.121749147804906,5,100506.60538999496,8.544287658187542,28.974193519674316,1.7013494639617408,2023,"{""type"":""MultiPoint"",""coordinates"":[]}"
281,0.982,1,35.210000000000036,1,1.250001179377165E-4,1,1,2023-06,25.99250286950013,6,100082.82597656251,7.370657461825184,29.44460771348747,3.0432891757052927,2023,"{""type"":""MultiPoint"",""coordinates"":[]}"
282,0.378,1,-999,0,5.5558837845411186E-5,1,1,2023-07,25.66673501127508,7,100171.67757686492,6.663604971872553,29.0194858715098,2.8606920731613443,2023,"{""type"":""MultiPoint"",""coordinates"":[]}"
283,1.154,1,32.150000000000034,1,1.01390751983188E-4,1,1,2023-08,25.805835711571433,8,100124.8581779234,12.46111365587605,28.356118056594653,2.3596780618403512,2023,"{""type"":""MultiPoint"",""coordinates"":[]}"
284,0.544,1,-999,0,8.002014585370567E-5,1,1,2023-09,25.730095481872524,9,100346.72142469618,7.56688180251596,28.687222629123255,1.9745558109119314,2023,"{""type"":""MultiPoint"",""coordinates"":[]}"
285,0.782,1,32.663333333333355,1,1.587398136870632E-4,1,1,2023-10,22.906691651703227,10,100918.47189495129,5.523589965473859,26.60115757603802,1.4989416841401126,2023,"{""type"":""MultiPoint"",""coordinates"":[]}"
286,0.663,1,29.860000000000028,1,1.6648724159459572E-4,1,1,2023-11,18.715635956658332,11,101260.50040147571,2.9629184813731038,24.110118844774092,1.3410177417910771,2023,"{""type"":""MultiPoint"",""coordinates"":[]}"
287,0.915,1,24.2966666666667,1,2.0696036919670593E-4,1,1,2023-12,16.113559813140512,12,101393.50054603495,1.9781454773267582,20.276510944161487,1.3966146336811047,2023,"{""type"":""MultiPoint"",""coordinates"":[]}"
288,1.479,1,21.880000000000038,1,2.3137010203490535E-4,1,1,2024-01,13.162170028686603,1,101509.97900390624,0.04004117697698645,17.849586330947034,1.472342900435905,2024,"{""type"":""MultiPoint"",""coordinates"":[]}"
289,1.149,1,27.575000000000045,1,1.9206817053250895E-4,1,1,2024-02,14.79652373215248,2,101408.61485834232,0.7053714037356758,21.366869731333054,1.4889026535810932,2024,"{""type"":""MultiPoint"",""coordinates"":[]}"
290,0.793,1,31.710000000000036,1,1.7723664581714726E-4,1,1,2024-03,18.071372891497845,3,101078.61285072243,2.375124337014256,24.783052021970093,1.2933967094186178,2024,"{""type"":""MultiPoint"",""coordinates"":[]}"
291,0.918,1,34.430000000000035,1,9.031215379281385E-5,1,1,2024-04,22.575228267245848,4,100454.3260796441,0.4813563182828773,30.733004485236393,2.2571226223576044,2024,"{""type"":""MultiPoint"",""coordinates"":[]}"
292,0.961,1,34.710000000000036,1,9.646423175063622E-5,1,1,2024-05,24.848241424560626,5,100290.05185231855,12.724027320531041,29.646785887851593,2.1310133659208095,2024,"{""type"":""MultiPoint"",""coordinates"":[]}"
293,1.6600000000000001,1,-999,0,7.767487255501324E-5,1,1,2024-06,26.571533563401943,6,100039.11295030382,6.984448588728872,29.750465393066406,3.0548882896373333,2024,"{""type"":""MultiPoint"",""coordinates"":[]}"
294,0.671,1,-999,0,5.2169085088682887E-5,1,1,2024-07,25.703287604547313,7,99871.55051348287,5.996087878946855,28.69700883844854,3.097746105810606,2024,"{""type"":""MultiPoint"",""coordinates"":[]}"
295,-999,0,-999,0,5.3088374203786105E-5,1,1,2024-08,25.23472194056353,8,100259.74932270666,12.9675532626332,27.493145304854295,2.85966092425303,2024,"{""type"":""MultiPoint"",""coordinates"":[]}"
296,0.534,1,34.09000000000003,1,9.616886873113036E-5,1,1,2024-09,25.77596626281735,9,100280.16980251735,10.350687586628027,28.740862803988932,2.0323236225305,2024,"{""type"":""MultiPoint"",""coordinates"":[]}"
297,1.241,1,30.723333333333358,1,1.763460858660703E-4,1,1,2024-10,24.256200244862555,10,100808.73528330815,9.092433922212019,26.899883996286803,1.0634492630850234,2024,"{""type"":""MultiPoint"",""coordinates"":[]}"
298,0.653,1,28.376666666666683,1,1.7019568905858945E-4,1,1,2024-11,18.15430367787684,11,101164.84686957469,0.16104623965939405,23.64430563184959,1.2578505937653595,2024,"{""type"":""MultiPoint"",""coordinates"":[]}"
299,0.854,1,24.320000000000036,1,1.9476347929843471E-4,1,1,2024-12,13.498103837044027,12,101316.96400894655,0.01821160917920624,19.51930627310145,1.5832547982471783,2024,"{""type"":""MultiPoint"",""coordinates"":[]}"
300,1.252,1,23.70500000000004,1,2.280860360579928E-4,1,1,2025-01,14.013646205779082,1,101322.3326140373,0.09465726909255985,19.156473085957145,1.3999815663724182,2025,"{""type"":""MultiPoint"",""coordinates"":[]}"
301,1.391,1,27.12500000000003,1,2.780146765870298E-4,1,1,2025-02,15.158035328274764,2,101226.61685035343,0.19188286390203757,22.14461281640189,1.07867932700125,2025,"{""type"":""MultiPoint"",""coordinates"":[]}"
302,0.974,1,31.880000000000038,1,1.6209796638220317E-4,1,1,2025-03,17.925837248115215,3,100875.86396379369,0.3270419117217583,26.69705049248148,1.7307714389479707,2025,"{""type"":""MultiPoint"",""coordinates"":[]}"
303,1.068,1,30.76333333333336,1,9.059752945549217E-5,1,1,2025-04,22.721736102634054,4,100703.85913085938,5.380842037273699,28.364861318800195,1.9043282395908392,2025,"{""type"":""MultiPoint"",""coordinates"":[]}"
304,1.141,1,34.10000000000005,1,8.000074721001805E-5,1,1,2025-05,24.790767821445286,5,100296.26294732864,10.083619810068573,28.635237794281352,1.888626041060265,2025,"{""type"":""MultiPoint"",""coordinates"":[]}"
305,0.8300000000000001,1,-999,0,5.171780938244032E-5,1,1,2025-06,25.45616503821475,6,100017.40889214411,10.871648761396932,28.28915127648247,2.7170534822761403,2025,"{""type"":""MultiPoint"",""coordinates"":[]}"
306,-999,0,-999,0,5.795029820966247E-5,1,1,2025-07,25.399785798595758,7,99880.61762852823,14.679657573475493,27.82205955751482,2.9563904572581836,2025,"{""type"":""MultiPoint"",""coordinates"":[]}"
307,-999,0,32.55000000000001,1,5.497398850839414E-5,1,1,2025-08,25.135021525557363,8,100315.66378948254,10.466414860396933,27.811153502105412,2.5560260881328483,2025,"{""type"":""MultiPoint"",""coordinates"":[]}"
308,0.329,1,31.390000000000043,1,8.24910532349324E-5,1,1,2025-09,25.46800571017809,9,100410.31535373264,7.073144010112979,28.468277528550914,1.6463934499457666,2025,"{""type"":""MultiPoint"",""coordinates"":[]}"
309,0.508,1,31.383333333333365,1,1.2810735706890607E-4,1,1,2025-10,23.66372675331695,10,100865.87542002687,4.49930108777046,27.255182356475416,1.1647960643737525,2025,"{""type"":""MultiPoint"",""coordinates"":[]}"
310,0.517,1,27.64000000000003,1,1.5365301226191E-4,1,1,2025-11,17.225989829169293,11,101163.84568684893,0.26761857724414045,23.52900541093618,1.5574884345246767,2025,"{""type"":""MultiPoint"",""coordinates"":[]}"
311,0.597,1,23.903333333333364,1,1.8538479455727243E-4,1,1,2025-12,13.825637647840722,12,101362.29586046007,0.004612165914371265,19.846963861253528,1.6535142157568503,2025,"{""type"":""MultiPoint"",""coordinates"":[]}"
