system:index,date,dewpoint_2m_temperature,mean_2m_air_temperature,month,surface_pressure,total_precipitation,u_component_of_wind_10m,v_component_of_wind_10m,wind_speed,year,.geo
0,2000-01,286.45827799602085,291.10226325489356,1,101282.45881482879,3.07141494191503E-4,0.7384267512284978,-0.7433141455789588,1.6073575378436338,2000,"{""type"":""MultiPoint"",""coordinates"":[]}"
1,2000-02,286.6669085576575,293.0466101209442,2,101168.76287134942,8.57068937199616E-4,0.2881270738946947,-0.8018940677815692,1.3550584106693497,2000,"{""type"":""MultiPoint"",""coordinates"":[]}"
2,2000-03,291.4242761894295,297.75791926542433,3,100807.71738576281,0.0017973213111662865,-0.48903086468772455,0.669901720286616,1.649225829999196,2000,"{""type"":""MultiPoint"",""coordinates"":[]}"
3,2000-04,296.4499358792799,300.5769334068952,4,100406.66332766866,0.009273807079721641,-0.37728298943028354,2.1452576660317595,2.7101614694540523,2000,"{""type"":""MultiPoint"",""coordinates"":[]}"
4,2000-05,297.8234333326449,301.0808551338864,5,100205.20988639226,0.015850440636727383,-0.9063246917748619,1.8636471709215865,2.3009997180762225,2000,"{""type"":""MultiPoint"",""coordinates"":[]}"
5,2000-06,298.8701676137257,301.790577364304,6,100005.37202133685,0.010490548241159465,-0.9610598270026339,2.7631310709773715,3.100656244680176,2000,"{""type"":""MultiPoint"",""coordinates"":[]}"
6,2000-07,298.58380753285695,301.8234418640444,7,99901.92637210472,0.008766057201138766,-1.4932475588713046,2.7817300151602136,3.4202007264898673,2000,"{""type"":""MultiPoint"",""coordinates"":[]}"
7,2000-08,299.014128483122,301.84150887265537,8,100066.49358163393,0.007685627331741509,-1.2696717533100046,2.2460566277230254,2.8310915959171035,2000,"{""type"":""MultiPoint"",""coordinates"":[]}"
8,2000-09,298.2682448587869,300.9664789328521,9,100400.35200937813,0.008912371480715539,-0.8277272947125083,1.4724695349267845,2.0800560848161362,2000,"{""type"":""MultiPoint"",""coordinates"":[]}"
9,2000-10,297.4197258863804,300.2528187608671,10,100657.96944864048,0.006157610561391048,-0.46455882293099965,-0.14983459225886717,1.2322411953980885,2000,"{""type"":""MultiPoint"",""coordinates"":[]}"
10,2000-11,292.50756183174803,296.77028926607346,11,101124.6590744587,6.533719673603893E-5,0.0011547585178357943,-0.3313315705170203,1.0971805134084547,2000,"{""type"":""MultiPoint"",""coordinates"":[]}"
11,2000-12,286.928413371137,292.10170962361525,12,101286.98150018879,5.0282396130840075E-8,0.8080872819502908,-1.1174438638989659,1.5051676211381264,2000,"{""type"":""MultiPoint"",""coordinates"":[]}"
12,2001-01,284.37311221888183,290.2046522680245,1,101216.69875062937,9.141488438429066E-6,1.5166549667250833,-0.943296964735183,1.9674773179067484,2001,"{""type"":""MultiPoint"",""coordinates"":[]}"
13,2001-02,288.0635242227822,294.5614033217877,2,100986.09359107503,5.992563153288353E-4,0.6545301659949956,0.04128176302603123,1.5328515152601543,2001,"{""type"":""MultiPoint"",""coordinates"":[]}"
14,2001-03,290.1699262328979,298.56039352493826,3,100829.11888217523,0.0017509674157268264,0.6422648035807672,0.3099454149258701,1.5638750561074828,2001,"{""type"":""MultiPoint"",""coordinates"":[]}"
15,2001-04,295.6370450698837,301.4499048945646,4,100599.20288425223,0.003885208218980277,0.11468187594881944,1.9362713087481436,2.116653435756823,2001,"{""type"":""MultiPoint"",""coordinates"":[]}"
16,2001-05,297.39265949906166,300.62204874428613,5,100182.55354040783,0.01719434216678563,-1.2704047901752853,1.1057662217038398,1.95622125414125,2001,"{""type"":""MultiPoint"",""coordinates"":[]}"
17,2001-06,298.4810514236864,301.0668028432918,6,99879.74533767624,0.016377747980624528,-2.069928547502885,2.4705531623548374,3.4387901047309843,2001,"{""type"":""MultiPoint"",""coordinates"":[]}"
18,2001-07,298.67649598827535,301.71692411455376,7,99935.29807401814,0.00865368100440304,-1.7868621649939005,2.8650131159798735,3.650577715936785,2001,"{""type"":""MultiPoint"",""coordinates"":[]}"
19,2001-08,299.0913195530333,302.4319124926733,8,100077.74208522157,0.006152058200965084,-1.7596604326820562,2.065808296107573,2.8009137098011374,2001,"{""type"":""MultiPoint"",""coordinates"":[]}"
20,2001-09,298.7726972044054,301.5923916143472,9,100447.19531722054,0.007135019599378469,-0.8751800821747064,1.46222584283604,1.820566901476971,2001,"{""type"":""MultiPoint"",""coordinates"":[]}"
21,2001-10,297.5240390988875,300.2708336283673,10,100815.95498646777,0.008179744323743703,-0.4990084770282828,0.16077813394780363,1.288572384556125,2001,"{""type"":""MultiPoint"",""coordinates"":[]}"
22,2001-11,293.6988572841924,297.05533523482734,11,101239.75743170945,7.930869709401159E-4,0.016377309029255983,-0.4944600091900109,1.100318062552461,2001,"{""type"":""MultiPoint"",""coordinates"":[]}"
23,2001-12,287.4919818736035,291.7970777313755,12,101529.81415691086,1.286992475527996E-7,1.0762204598324054,-1.0314315397693792,1.6280147861316088,2001,"{""type"":""MultiPoint"",""coordinates"":[]}"
24,2002-01,286.9352513677284,291.9785216117313,1,101404.2066795695,3.917772643181823E-4,0.6325879616559692,-0.5382874933014223,1.480591593881686,2002,"{""type"":""MultiPoint"",""coordinates"":[]}"
25,2002-02,287.23580140327994,294.6612847857364,2,101380.1031029708,1.3066594824536062E-4,1.34397655597026,-0.7979549391992382,1.8335803259201549,2002,"{""type"":""MultiPoint"",""coordinates"":[]}"
26,2002-03,291.3107053943031,298.4677414816311,3,100894.71728977845,0.002509719085169643,0.1029986759270696,0.42853904808876137,1.5100788802039047,2002,"{""type"":""MultiPoint"",""coordinates"":[]}"
27,2002-04,296.187849437026,299.9459164960387,4,100616.92021966263,0.006367329497374256,-0.8754589644203493,1.6490991843070868,2.23382464675927,2002,"{""type"":""MultiPoint"",""coordinates"":[]}"
28,2002-05,297.37366212535596,300.5006210465446,5,100148.313145141,0.014988083979874578,-1.7591644089507668,1.2937609600876752,2.4587534963118807,2002,"{""type"":""MultiPoint"",""coordinates"":[]}"
29,2002-06,298.66638708508384,301.1471195462968,6,100037.8880617447,0.016360456673550343,-1.4500909458594498,2.4165650041681994,3.025991753380042,2002,"{""type"":""MultiPoint"",""coordinates"":[]}"
30,2002-07,299.2860113568416,301.5717860656922,7,99896.80144920693,0.015340591209292528,-0.8436513388745134,2.696667383660723,2.994455640928089,2002,"{""type"":""MultiPoint"",""coordinates"":[]}"
31,2002-08,298.7826297448841,301.64181305884364,8,100084.79228033735,0.009035041965619257,-1.8527634039146061,1.9422284988238128,2.806984187925641,2002,"{""type"":""MultiPoint"",""coordinates"":[]}"
32,2002-09,298.484833378326,301.62195903551424,9,100511.13827102215,0.009125244698308084,-1.1521989520823006,1.2240841936488887,2.099105513247022,2002,"{""type"":""MultiPoint"",""coordinates"":[]}"
33,2002-10,296.1994412732388,299.9006773980363,10,100894.65221393504,0.0028300746307921222,-0.1506676397761865,-0.20715757700251672,1.0549034437203946,2002,"{""type"":""MultiPoint"",""coordinates"":[]}"
34,2002-11,292.6199547405569,296.5152938735209,11,101113.15555450653,0.0035997042537001906,0.3096204908022587,-0.8026082250286803,1.4190902258564357,2002,"{""type"":""MultiPoint"",""coordinates"":[]}"
35,2002-12,288.28185768396344,292.863551581038,12,101348.73802398036,2.2763345484171164E-5,0.9257114293472044,-0.7624729134645107,1.4470133982341333,2002,"{""type"":""MultiPoint"",""coordinates"":[]}"
36,2003-01,284.9849191348718,289.3504407746314,1,101523.84356117823,6.851937700394649E-5,1.15197117919288,-1.2551470937085414,1.8116810084204835,2003,"{""type"":""MultiPoint"",""coordinates"":[]}"
37,2003-02,288.5120241286171,294.6370451928146,2,101273.05707137463,3.339042775336445E-4,0.841602302678042,-0.758531122673434,1.4322591688497146,2003,"{""type"":""MultiPoint"",""coordinates"":[]}"
38,2003-03,290.96305759579747,297.21066425550134,3,100984.92863953928,0.0041457152451798394,0.23033841998885657,0.3039863244734502,1.363832219736638,2003,"{""type"":""MultiPoint"",""coordinates"":[]}"
39,2003-04,297.0613592019134,301.1853617719052,4,100629.4687374119,0.005026770286423353,-0.4140135360298319,1.47826287890489,1.9387767364917827,2003,"{""type"":""MultiPoint"",""coordinates"":[]}"
40,2003-05,298.14637985920984,302.1178499312079,5,100262.27311335597,0.006664752321878648,-0.9585362434027059,1.9412237251393147,2.526615752464111,2003,"{""type"":""MultiPoint"",""coordinates"":[]}"
41,2003-06,298.5736804666355,301.07009233703303,6,99863.48909554379,0.019425519421126424,-1.4810840286877223,2.555009165319191,3.240756417195163,2003,"{""type"":""MultiPoint"",""coordinates"":[]}"
42,2003-07,299.0105558858296,302.2400631446493,7,100122.86555261834,0.008566013847881962,-1.785743800679002,2.7323034639925154,3.445778176969673,2003,"{""type"":""MultiPoint"",""coordinates"":[]}"
43,2003-08,298.91614995766264,302.3749062590969,8,100132.42585599194,0.006157264199899462,-1.7332337727839613,2.504941523399237,3.110971401864427,2003,"{""type"":""MultiPoint"",""coordinates"":[]}"
44,2003-09,298.71619915458007,301.65139359918845,9,100404.75905872355,0.0071120114876979685,-1.2670934445668325,1.6781266441037888,2.1816329559443712,2003,"{""type"":""MultiPoint"",""coordinates"":[]}"
45,2003-10,297.6452225453664,300.6138033618139,10,100898.23775805638,0.005247650321663056,-0.1502113130765199,-0.03903939314327256,1.2802839974297047,2003,"{""type"":""MultiPoint"",""coordinates"":[]}"
46,2003-11,290.9500184519173,296.4247107683471,11,101247.30668114302,1.0951983328132368E-6,0.9207132962895302,-0.9828601404499309,1.4617103471139175,2003,"{""type"":""MultiPoint"",""coordinates"":[]}"
47,2003-12,288.15528356085366,292.80855612702,12,101451.89037323766,8.725147275465156E-4,0.6355799100850403,-1.0982326534579527,1.5602206072498546,2003,"{""type"":""MultiPoint"",""coordinates"":[]}"
48,2004-01,286.41679584238096,290.8407860701178,1,101375.93714595921,6.476123736811846E-5,0.9111842427128869,-0.9360722413836168,1.6068912758104825,2004,"{""type"":""MultiPoint"",""coordinates"":[]}"
49,2004-02,286.91199077133683,294.31776486307473,2,101183.78938349697,2.456945525297797E-5,0.9622041695787826,-0.40640598791843696,1.6001597675066286,2004,"{""type"":""MultiPoint"",""coordinates"":[]}"
50,2004-03,292.36054609438924,300.03535728493006,3,100770.91918743704,3.6518661676242963E-4,0.2979617107310684,2.0391112551828408,2.569457135494322,2004,"{""type"":""MultiPoint"",""coordinates"":[]}"
51,2004-04,296.63511777265074,300.1433864197822,4,100533.07633434035,0.009356492992362977,-1.0912351568780037,1.8601047068324088,2.534417428463051,2004,"{""type"":""MultiPoint"",""coordinates"":[]}"
52,2004-05,298.33113911024634,302.78112543419167,5,100147.80635070492,0.007712430766739572,-0.7426773671297149,2.342683227977003,2.722569438125588,2004,"{""type"":""MultiPoint"",""coordinates"":[]}"
53,2004-06,298.8402243376978,301.6118032157721,6,100042.79400962988,0.0192097398959858,-1.0300029878409847,2.072247794771723,2.5802054457730867,2004,"{""type"":""MultiPoint"",""coordinates"":[]}"
54,2004-07,298.80319459114196,301.51974500827083,7,100057.01515451912,0.014253125451730284,-1.254592991955691,2.7985738447905786,3.433328195427309,2004,"{""type"":""MultiPoint"",""coordinates"":[]}"
55,2004-08,298.8004613163729,302.04739735767555,8,99998.38185737662,0.007906527112145258,-2.1790186269765894,2.3773444632389036,3.4344267845601215,2004,"{""type"":""MultiPoint"",""coordinates"":[]}"
56,2004-09,298.32829765020176,300.8688712282364,9,100502.47583238925,0.019572800227927657,-1.727081196785933,1.4641621364687623,2.798041764353252,2004,"{""type"":""MultiPoint"",""coordinates"":[]}"
57,2004-10,295.8937013009524,299.5998241044242,10,101069.68268976586,0.004655990161917062,-0.01208545665058785,-0.13904823076208794,1.6185596879324324,2004,"{""type"":""MultiPoint"",""coordinates"":[]}"
58,2004-11,290.8797225045533,296.3878650615342,11,101269.26658799092,2.6241897207914942E-5,0.45397901433592236,-0.9312501119222768,1.2852444927617253,2004,"{""type"":""MultiPoint"",""coordinates"":[]}"
59,2004-12,288.3689694192355,293.5281386822012,12,101357.09876793806,5.5549588914901314E-5,0.46132518760147156,-0.9783087077937938,1.3627063307407212,2004,"{""type"":""MultiPoint"",""coordinates"":[]}"
60,2005-01,286.4432921748627,291.56675938109737,1,101348.98042547835,2.3094117764986378E-4,1.0106631275390205,-1.099260962573663,1.7940976829314894,2005,"{""type"":""MultiPoint"",""coordinates"":[]}"
61,2005-02,288.9811947425927,295.7215532715827,2,101156.30864803624,2.3112569999865135E-4,1.3996113111125257,0.027472791949817887,2.107798151963397,2005,"{""type"":""MultiPoint"",""coordinates"":[]}"
62,2005-03,293.4598376747584,299.37368457252524,3,100895.95315174972,0.003305608265745301,0.41981657550699275,1.3902732151392603,2.009130239163973,2005,"{""type"":""MultiPoint"",""coordinates"":[]}"
63,2005-04,296.19761040909407,301.5288563769629,4,100776.87869146526,0.0031498598963236074,-0.35584937343364514,1.7819221970778096,2.0256096770119867,2005,"{""type"":""MultiPoint"",""coordinates"":[]}"
64,2005-05,297.52363307680116,301.36665924164447,5,100332.29078077794,0.011662173026578062,-0.860655348130463,1.5921092266522627,2.2192279704337174,2005,"{""type"":""MultiPoint"",""coordinates"":[]}"
65,2005-06,299.498730616267,302.6469898727126,6,99857.98915533736,0.007231385639445686,-1.6927902100429557,2.3530058043480877,3.0803152093069386,2005,"{""type"":""MultiPoint"",""coordinates"":[]}"
66,2005-07,298.69840095266477,301.6615538874661,7,100047.0747214879,0.011303985993352542,-1.7399102145931635,2.6710585113018297,3.4315193944670455,2005,"{""type"":""MultiPoint"",""coordinates"":[]}"
67,2005-08,299.17816991892465,301.9402865591366,8,100006.59033389977,0.00855972193320322,-1.0209516355878516,2.3075399584640555,2.72526442568569,2005,"{""type"":""MultiPoint"",""coordinates"":[]}"
68,2005-09,298.92452237070626,301.9631471324663,9,100431.14132993451,0.010814407368425994,-0.7164340958014234,0.9478484471518944,1.6021590628137428,2005,"{""type"":""MultiPoint"",""coordinates"":[]}"
69,2005-10,297.20514509156874,300.0028704164012,10,100922.95457735396,0.007517739415566426,-0.7053193306634792,0.1193429323594195,1.3829472781462009,2005,"{""type"":""MultiPoint"",""coordinates"":[]}"
70,2005-11,291.82790338644924,296.469990525721,11,101133.07938538521,8.62730472112224E-5,0.8097405754667513,-0.863237191651163,1.4175359953062818,2005,"{""type"":""MultiPoint"",""coordinates"":[]}"
71,2005-12,287.81287530781884,293.06395842676073,12,101244.30923181017,1.720405742948104E-4,0.9730470050977915,-1.3525919225160692,1.7707738352653628,2005,"{""type"":""MultiPoint"",""coordinates"":[]}"
72,2006-01,286.14112017766945,291.30513951665563,1,101292.40805324771,2.373010021620946E-5,1.379218540595017,-0.6902827477347095,1.8423394303079093,2006,"{""type"":""MultiPoint"",""coordinates"":[]}"
73,2006-02,290.62846377892316,297.2940455933232,2,101036.05747262081,7.880051073809092E-5,0.7446838546135394,0.5937761650344756,1.761516537557104,2006,"{""type"":""MultiPoint"",""coordinates"":[]}"
74,2006-03,290.480821014435,299.8051071243824,3,100808.24525585346,1.564816607206671E-4,1.3227181381329307,0.26315147147137824,1.818639316533175,2006,"{""type"":""MultiPoint"",""coordinates"":[]}"
75,2006-04,296.51194399001014,301.00488428152335,4,100537.68645675981,0.005466021706555545,-0.46715784559677237,1.523776663562202,2.101682597066702,2006,"{""type"":""MultiPoint"",""coordinates"":[]}"
76,2006-05,297.53858943144,301.7849330813743,5,100334.04487506293,0.010457758887221688,-0.652102079018125,1.6661542581287396,2.145168683781448,2006,"{""type"":""MultiPoint"",""coordinates"":[]}"
77,2006-06,299.1338349341385,302.11221306100714,6,100081.50713903575,0.008989304746993538,-1.1718018650888553,2.362310585730746,2.7901748865893294,2006,"{""type"":""MultiPoint"",""coordinates"":[]}"
78,2006-07,298.99485294153817,302.02260876796754,7,99885.25336574775,0.010768150855774905,-1.8636467794637295,2.387417464097821,3.329994797445586,2006,"{""type"":""MultiPoint"",""coordinates"":[]}"
79,2006-08,298.6582474169774,301.95404764503866,8,100101.55759535497,0.009320006810863993,-2.0559593761795596,2.0795280721612563,3.0522319425627242,2006,"{""type"":""MultiPoint"",""coordinates"":[]}"
80,2006-09,298.57227468500196,301.6204961402178,9,100486.03431835346,0.007360665386304455,-1.0101348046929932,1.4121913390097176,2.2368727052851036,2006,"{""type"":""MultiPoint"",""coordinates"":[]}"
81,2006-10,297.137285092326,300.69747816010903,10,100970.89920852214,0.001866256359055796,0.13591717799444575,-0.08801762156135966,1.1106691450138362,2006,"{""type"":""MultiPoint"",""coordinates"":[]}"
82,2006-11,291.8242720466606,296.77385081803084,11,101166.29127486152,1.6672153264499375E-4,0.7253316647696709,-0.6874365397930625,1.4887761270781903,2006,"{""type"":""MultiPoint"",""coordinates"":[]}"
83,2006-12,288.003416026443,293.0576754136868,12,101376.4468561178,1.5990312385105753E-5,0.7565135102617776,-0.8195418203825435,1.3503056575354269,2006,"{""type"":""MultiPoint"",""coordinates"":[]}"
84,2007-01,284.97621378211943,290.4184388374874,1,101465.98063632929,3.3285853734881744E-5,1.1309327005979875,-0.7550848672517236,1.6046611122698624,2007,"{""type"":""MultiPoint"",""coordinates"":[]}"
85,2007-02,289.23153608462354,294.0729824715391,2,101255.45709340382,0.0022278069511706845,0.08883281236163679,-0.23949507175675575,1.2552116804604587,2007,"{""type"":""MultiPoint"",""coordinates"":[]}"
86,2007-03,289.18352825245466,297.82141555217584,3,100929.30584403322,6.654416974155608E-4,0.5613527625409017,0.13177695104632856,1.404012612816447,2007,"{""type"":""MultiPoint"",""coordinates"":[]}"
87,2007-04,296.3062226294511,301.0260308118745,4,100643.4403118706,0.008666886889524869,-0.3559725554628074,2.4236483456745126,2.719549953066495,2007,"{""type"":""MultiPoint"",""coordinates"":[]}"
88,2007-05,298.7262096946693,302.4925632319301,5,100248.51500346173,0.0053460939667278615,-0.813848394041455,1.389578509498819,2.1424928677453896,2007,"{""type"":""MultiPoint"",""coordinates"":[]}"
89,2007-06,299.04881650803674,301.88077117827726,6,100013.56160309666,0.020039068036764286,-1.3533120944540784,2.7677836033512815,3.3056877447061193,2007,"{""type"":""MultiPoint"",""coordinates"":[]}"
90,2007-07,298.91993745033585,301.5114790533244,7,99939.59128272909,0.018723288122545798,-1.161088609215236,2.8536174287728793,3.5698276661348634,2007,"{""type"":""MultiPoint"",""coordinates"":[]}"
91,2007-08,299.1074853134539,302.3461398675002,8,100010.37809667671,0.0081491397511803,-1.3609686771308305,2.0757507408493594,2.6587727242968056,2007,"{""type"":""MultiPoint"",""coordinates"":[]}"
92,2007-09,298.83388212113704,301.55090196807333,9,100260.2388799723,0.01149940233178669,-1.2147880200292889,1.7706495554425565,2.406033391769593,2007,"{""type"":""MultiPoint"",""coordinates"":[]}"
93,2007-10,296.7719877828884,300.2332278156569,10,100722.05417925476,0.009296959318775843,-0.38312177173080514,0.26907862171245606,1.1016107861362272,2007,"{""type"":""MultiPoint"",""coordinates"":[]}"
94,2007-11,293.2732868298302,297.0075955578207,11,101085.37222432024,0.003459038668521282,0.38158588178928526,-0.9877468037581274,1.5687226293990744,2007,"{""type"":""MultiPoint"",""coordinates"":[]}"
95,2007-12,287.5271397401438,292.271296327712,12,101260.10774798586,3.169548162501326E-6,0.9337040327586916,-1.2548387433827102,1.681094926563494,2007,"{""type"":""MultiPoint"",""coordinates"":[]}"
96,2008-01,286.94168864669876,291.50401286176077,1,101234.36689639979,0.0014574950284484962,0.8414125318253506,-0.6530926118864633,1.7417060211976465,2008,"{""type"":""MultiPoint"",""coordinates"":[]}"
97,2008-02,286.75913996854933,292.91501305033677,2,101226.65282445872,4.897730761760525E-4,0.8092072020844753,-0.4423474568614786,1.4273278987463927,2008,"{""type"":""MultiPoint"",""coordinates"":[]}"
98,2008-03,293.8340375487297,299.3813792617659,3,100750.4837959466,0.0014959703363226827,0.09747559350332827,1.2081396168212275,1.6831881695078945,2008,"{""type"":""MultiPoint"",""coordinates"":[]}"
99,2008-04,295.7784379818887,302.0113581631479,4,100489.52265861027,0.002050448488514432,-0.11215742829847566,1.874391063102422,2.29317335085045,2008,"{""type"":""MultiPoint"",""coordinates"":[]}"
100,2008-05,297.5719712056662,302.4433075350697,5,100150.03788865809,0.0069201343337379675,-0.9036934982373755,1.6067096139008905,1.9969448675095158,2008,"{""type"":""MultiPoint"",""coordinates"":[]}"
101,2008-06,298.66778313674234,301.57234226007836,6,99949.81537481115,0.011574646851379884,-1.830989106184046,2.4550591516350684,3.2405881545200392,2008,"{""type"":""MultiPoint"",""coordinates"":[]}"
102,2008-07,298.884096063804,301.5079101869827,7,99930.65797614552,0.013572367729969916,-1.362407475583863,2.648480460482901,3.2314900717340094,2008,"{""type"":""MultiPoint"",""coordinates"":[]}"
103,2008-08,298.9159263710721,301.79720835152716,8,100076.8018410121,0.009621366808586732,-1.304632447973599,2.61895412289484,3.12136236712037,2008,"{""type"":""MultiPoint"",""coordinates"":[]}"
104,2008-09,298.85042759644665,301.78447939285945,9,100348.0372529582,0.011352353968093878,-1.0186758198886958,1.3190823346346403,1.9845448247044792,2008,"{""type"":""MultiPoint"",""coordinates"":[]}"
105,2008-10,296.63570628555163,299.83260576107955,10,100816.17218340884,0.00757118457992076,-0.11323228141242281,-0.5734980425085546,1.6017976956781923,2008,"{""type"":""MultiPoint"",""coordinates"":[]}"
106,2008-11,291.9874267578125,296.4295260918224,11,101092.66657382932,8.680015136820145E-6,0.3923337185070714,-1.0632851039294868,1.3071602046910855,2008,"{""type"":""MultiPoint"",""coordinates"":[]}"
107,2008-12,289.9991605729855,293.72623294703544,12,101272.23162606996,2.952201178251151E-5,0.49599225184948653,-0.44981784507827344,1.0449566898978035,2008,"{""type"":""MultiPoint"",""coordinates"":[]}"
108,2009-01,287.93456569644735,292.60414042708135,1,101370.79993233888,1.3120552727017115E-5,0.8203460402599155,-0.46925251144776997,1.492117104545682,2009,"{""type"":""MultiPoint"",""coordinates"":[]}"
109,2009-02,287.71897851611675,295.3621862375004,2,100994.34080438067,1.2224450662475612E-4,1.4631519938523674,-0.19197391166247627,2.080811366320047,2009,"{""type"":""MultiPoint"",""coordinates"":[]}"
110,2009-03,291.1772037686657,299.1733439434931,3,100818.13884063446,0.00392357354795172,0.4349685735632885,0.5016460272240615,1.4891508206238422,2009,"{""type"":""MultiPoint"",""coordinates"":[]}"
111,2009-04,297.09107573202846,302.51401211065337,4,100456.27077196626,0.001048854141391078,-0.32757106413774023,2.503201229214548,2.6460025170342405,2009,"{""type"":""MultiPoint"",""coordinates"":[]}"
112,2009-05,297.7676754308971,302.0556808794372,5,100250.08412953171,0.008665559196625231,-0.8498410623839494,1.5700843957255617,2.1032428775721472,2009,"{""type"":""MultiPoint"",""coordinates"":[]}"
113,2009-06,299.4838277365386,303.18445971778027,6,99907.50905557653,0.0066931079773932005,-1.0582136720929138,2.903729870144094,3.184616460125945,2009,"{""type"":""MultiPoint"",""coordinates"":[]}"
114,2009-07,299.0426454173354,302.157187169316,7,99861.44808660625,0.010519614074405466,-1.6072033407945043,2.7273021176022225,3.4301876156910347,2009,"{""type"":""MultiPoint"",""coordinates"":[]}"
115,2009-08,299.41156094984217,302.0681619235036,8,100168.31234736908,0.015041148535764711,-0.9371815667411708,2.1333333041612708,2.599508897384828,2009,"{""type"":""MultiPoint"",""coordinates"":[]}"
116,2009-09,299.01253031474226,302.037919710434,9,100333.08114300099,0.008468584181536419,-1.3120011354141004,1.4279868905277766,2.2586363505753573,2009,"{""type"":""MultiPoint"",""coordinates"":[]}"
117,2009-10,296.6373211540844,300.34172205929787,10,100746.53239079806,0.004465573381872665,-0.04645676882740594,0.07059838122651656,1.57239719936747,2009,"{""type"":""MultiPoint"",""coordinates"":[]}"
118,2009-11,292.09376930628656,297.4074985039318,11,101099.13028228849,3.628037676315057E-4,0.5212537915625,-0.6795317021261409,1.3121904021762387,2009,"{""type"":""MultiPoint"",""coordinates"":[]}"
119,2009-12,287.6292151259992,292.45954003463703,12,101336.99724634946,8.079740981804559E-6,0.8600893894711288,-0.8200286056940171,1.3558328374507547,2009,"{""type"":""MultiPoint"",""coordinates"":[]}"
120,2010-01,285.95744097845073,290.38466295931863,1,101418.37567975826,1.762854303594064E-5,1.475202828159505,-1.217515233108044,1.9657973817514127,2010,"{""type"":""MultiPoint"",""coordinates"":[]}"
121,2010-02,287.52255156825316,294.98705969865233,2,101155.76078329555,4.5696542781078E-4,0.9968703281963459,-0.23314549123112407,1.48327445215997,2010,"{""type"":""MultiPoint"",""coordinates"":[]}"
122,2010-03,293.03739308705866,301.15373844327274,3,100755.35986278951,0.0019963601252396125,0.7301004408109341,1.7945133058206073,2.6629574697615337,2010,"{""type"":""MultiPoint"",""coordinates"":[]}"
123,2010-04,297.8160148382426,303.4772929426886,4,100476.84546198389,0.004629035988139797,-0.35084606639868293,3.5559383205536745,3.7658180726444885,2010,"{""type"":""MultiPoint"",""coordinates"":[]}"
124,2010-05,298.5234263931996,302.29191013117213,5,100211.15609422205,0.010707666923752484,-0.6908670475715838,2.398147024777,2.911952973902024,2010,"{""type"":""MultiPoint"",""coordinates"":[]}"
125,2010-06,299.5097011723667,302.3338589732621,6,100045.93899169186,0.019396853142709652,-1.097208927069066,3.195894901317892,3.521746768120385,2010,"{""type"":""MultiPoint"",""coordinates"":[]}"
126,2010-07,299.339954688926,302.6648970528072,7,100155.29533924974,0.007312110460045383,-1.376589124608496,2.8501759858529967,3.3348975383800563,2010,"{""type"":""MultiPoint"",""coordinates"":[]}"
127,2010-08,299.4395770085422,302.7253966240243,8,100263.47157603221,0.006678925126918555,-0.7253814383335823,2.3132311075235545,2.5924086437996903,2010,"{""type"":""MultiPoint"",""coordinates"":[]}"
128,2010-09,298.9730569737675,301.87811908702713,9,100439.14297425731,0.008243315115623541,-1.0462826234696492,1.7399548909935463,2.17268568639059,2010,"{""type"":""MultiPoint"",""coordinates"":[]}"
129,2010-10,297.6673819888635,301.0802929712086,10,100575.29335504782,0.005504916536210016,-0.2307602027601825,-0.29413398432227417,1.3144848316922337,2010,"{""type"":""MultiPoint"",""coordinates"":[]}"
130,2010-11,292.8783924913359,297.70596810731763,11,101029.32250597933,2.939181264719906E-4,0.38657499680826424,-0.876726621575466,1.3405598995176864,2010,"{""type"":""MultiPoint"",""coordinates"":[]}"
131,2010-12,287.6392416839753,292.4810672694703,12,101017.80407068228,0.0013192304743459488,0.7966194745637138,-1.2274505580419979,1.6052648125360458,2010,"{""type"":""MultiPoint"",""coordinates"":[]}"
132,2011-01,284.9352559530482,289.9746988747895,1,101209.18405557654,3.839442980652046E-5,0.753426016553531,-0.7676011128728124,1.469010423293207,2011,"{""type"":""MultiPoint"",""coordinates"":[]}"
133,2011-02,287.2209678811249,294.67488355991946,2,101065.45160498489,8.498398349822045E-5,0.880313878032976,-0.45627817749857075,1.6235493594803554,2011,"{""type"":""MultiPoint"",""coordinates"":[]}"
134,2011-03,291.7774964977007,298.9336963665089,3,100796.6328125,0.0024280702982713114,0.6714312491220048,1.290919754320281,2.290166301375144,2011,"{""type"":""MultiPoint"",""coordinates"":[]}"
135,2011-04,295.66814244511386,300.4342852051764,4,100733.46266049851,0.0037455758501935945,-0.14032075983835127,0.9551361705241245,1.2971658950845357,2011,"{""type"":""MultiPoint"",""coordinates"":[]}"
136,2011-05,297.77903710986664,301.3278708835382,5,100301.03321374621,0.01359793121803623,-1.23158865498392,1.5843541146045004,2.1818003307348235,2011,"{""type"":""MultiPoint"",""coordinates"":[]}"
137,2011-06,299.13814013155564,301.8803565325934,6,99862.53750314703,0.014623453542927775,-1.9145950785576396,2.1276847363718803,3.1421371045952444,2011,"{""type"":""MultiPoint"",""coordinates"":[]}"
138,2011-07,299.0892201710804,302.20639880162105,7,100027.89244240937,0.009181259345161948,-1.0299378731099496,2.559551645789862,2.893860912318041,2011,"{""type"":""MultiPoint"",""coordinates"":[]}"
139,2011-08,299.03012252146874,301.5717852420557,8,100143.88675887462,0.014001273262349201,-1.6097175886983957,2.136127308128103,2.8498118625923916,2011,"{""type"":""MultiPoint"",""coordinates"":[]}"
140,2011-09,298.91349468250405,301.952034173295,9,100218.7046450151,0.009224849245684502,-1.5225284475094119,1.9524924259531533,2.7266137914384885,2011,"{""type"":""MultiPoint"",""coordinates"":[]}"
141,2011-10,297.15692332902586,301.08517746171447,10,100781.59433692096,0.0016202483269454455,4.3287130048327713E-4,-0.1933023368649012,1.048387534512964,2011,"{""type"":""MultiPoint"",""coordinates"":[]}"
142,2011-11,291.37504567494915,296.12939668253944,11,101137.03488796578,1.1029626076751692E-4,0.13749114324386566,-1.0230444404173713,1.3374985615416912,2011,"{""type"":""MultiPoint"",""coordinates"":[]}"
143,2011-12,287.9843883195553,291.8330669975473,12,101270.20573074017,8.109363113874624E-6,0.5003359970069243,-1.2668801829173844,1.511832135273701,2011,"{""type"":""MultiPoint"",""coordinates"":[]}"
144,2012-01,286.37082531824325,290.9370078771616,1,101320.23713966513,7.262779310301568E-4,0.48712327120767507,-0.9331406463909245,1.568059817777378,2012,"{""type"":""MultiPoint"",""coordinates"":[]}"
145,2012-02,286.1735168518496,293.94730069716525,2,101012.52553814197,9.203988983320945E-5,1.0831764822880188,-0.3737140582107224,1.735537354642042,2012,"{""type"":""MultiPoint"",""coordinates"":[]}"
146,2012-03,291.1751447633434,299.60333982776893,3,100779.68194706696,4.1306364415790266E-4,0.4521050561650883,0.7099988721168531,1.6412361548687318,2012,"{""type"":""MultiPoint"",""coordinates"":[]}"
147,2012-04,296.38841858217484,300.6524902405215,4,100544.25137367824,0.009370117994308593,-0.3289095516201232,2.035397737047824,2.4622134625966674,2012,"{""type"":""MultiPoint"",""coordinates"":[]}"
148,2012-05,298.3626553722738,302.9135190842734,5,100177.37548621601,0.003680292972009948,-0.4674910551171528,2.014478495065779,2.416931819091343,2012,"{""type"":""MultiPoint"",""coordinates"":[]}"
149,2012-06,299.5341768293582,302.96298542925484,6,99702.14678688318,0.010056600514480474,-1.0702551735852057,3.3950196648892548,3.8261330295906264,2012,"{""type"":""MultiPoint"",""coordinates"":[]}"
150,2012-07,299.1966850595772,302.1559368214219,7,99870.63681394764,0.008048412867719523,-1.6523658858565284,3.1153246528552487,3.7232330664942985,2012,"{""type"":""MultiPoint"",""coordinates"":[]}"
151,2012-08,299.2031079310546,302.3664653367026,8,100099.34845638217,0.008888254718140351,-1.4474025299902051,2.2289148290351797,2.784806434069363,2012,"{""type"":""MultiPoint"",""coordinates"":[]}"
152,2012-09,299.1916003885106,302.0170648642056,9,100441.51907414402,0.00892013537698432,-1.242967799807123,1.816777704537575,2.4662863437091853,2012,"{""type"":""MultiPoint"",""coordinates"":[]}"
153,2012-10,296.3138054700776,299.85601072128924,10,100908.78426170695,0.0049965431294727546,0.2231641683693739,-0.3188711430370988,1.5417241164661788,2012,"{""type"":""MultiPoint"",""coordinates"":[]}"
154,2012-11,291.1117636074592,295.32166941048274,11,101078.03121223564,0.0021664118963553533,0.6140534984381176,-1.0561316175523243,1.5626840774090922,2012,"{""type"":""MultiPoint"",""coordinates"":[]}"
155,2012-12,287.3428230892615,290.5477935698817,12,101237.53860932779,1.8273340536971753E-4,0.966503403758234,-0.7326100015688278,1.541038156290563,2012,"{""type"":""MultiPoint"",""coordinates"":[]}"
156,2013-01,284.8383884825615,289.51615072598025,1,101418.06325528701,1.2797917431810813E-5,1.0181822723252298,-1.1377307679597946,1.6719654172408498,2013,"{""type"":""MultiPoint"",""coordinates"":[]}"
157,2013-02,287.80180318626867,294.2910625968695,2,101233.07351302869,3.9386187938805425E-4,1.4080037209442617,-1.5286410064255482,2.150318838925023,2013,"{""type"":""MultiPoint"",""coordinates"":[]}"
158,2013-03,291.6759803672091,299.26752561509664,3,100901.75864016869,1.7198851603147323E-4,0.913480731619809,0.5241988105716302,1.6622249675897947,2013,"{""type"":""MultiPoint"",""coordinates"":[]}"
159,2013-04,295.34421793619794,301.28875213653777,4,100550.29480425478,0.003609471187494463,0.010620531089386315,1.6824170009367179,2.12072393727314,2013,"{""type"":""MultiPoint"",""coordinates"":[]}"
160,2013-05,297.75473410307706,300.5085939651289,5,100203.15177020391,0.01913803179034624,-1.7194107044859597,1.9473209682908303,3.082710966164424,2013,"{""type"":""MultiPoint"",""coordinates"":[]}"
161,2013-06,299.29166605815897,303.0440017869224,6,99952.91412072003,0.005088843224609546,-1.0181443505176724,2.1071651293551934,2.5196950382583068,2013,"{""type"":""MultiPoint"",""coordinates"":[]}"
162,2013-07,299.0412704913397,302.37988493305676,7,99895.79986153069,0.004966079258835478,-2.108702314608287,2.806260954865516,3.6483087488586095,2013,"{""type"":""MultiPoint"",""coordinates"":[]}"
163,2013-08,299.0318846119614,301.83976719482655,8,100145.70214942093,0.008513135369773299,-1.6846381645308275,2.09900587603885,2.876368556297676,2013,"{""type"":""MultiPoint"",""coordinates"":[]}"
164,2013-09,299.0600833643118,301.96858845045193,9,100366.1761455186,0.007503644461965814,-0.8518660287122353,1.2389983805764957,1.8560598360134013,2013,"{""type"":""MultiPoint"",""coordinates"":[]}"
165,2013-10,297.19074661546847,300.0619514519114,10,100886.93082043051,0.005798798983246987,-0.5345641166121817,0.24085380480908913,1.3168655103808606,2013,"{""type"":""MultiPoint"",""coordinates"":[]}"
166,2013-11,290.8242196904208,295.44703039686004,11,101173.44762713999,1.3734359552926887E-5,0.7952045721469927,-1.3676533356413978,1.7189068280501008,2013,"{""type"":""MultiPoint"",""coordinates"":[]}"
167,2013-12,288.0684836949466,292.0429730464324,12,101307.68306268881,6.63878649888733E-5,0.419146512060127,-0.9833071778908236,1.3808012868887092,2013,"{""type"":""MultiPoint"",""coordinates"":[]}"
168,2014-01,286.70934504175716,290.386474904409,1,101539.20520046576,2.5920610406123243E-5,1.2416158304713885,-1.1566055774208523,1.7534029285853598,2014,"{""type"":""MultiPoint"",""coordinates"":[]}"
169,2014-02,287.5616545555214,292.8600644206712,2,101176.77565772911,0.0021817271181495718,0.9529503424842312,-0.8217937389409312,1.8032250828746013,2014,"{""type"":""MultiPoint"",""coordinates"":[]}"
170,2014-03,290.71258135562215,297.763490582761,3,101055.80778732373,6.807424983702325E-4,1.072994901250376,-0.08869746297387797,1.8314100313658077,2014,"{""type"":""MultiPoint"",""coordinates"":[]}"
171,2014-04,295.54783580276774,302.0846118385337,4,100660.10064199397,0.002002769970421352,-0.07397502339693596,1.1326233049653927,1.6836858985528014,2014,"{""type"":""MultiPoint"",""coordinates"":[]}"
172,2014-05,298.1176119555639,302.8185513683676,5,100390.48666289021,0.0060290879651543955,-0.2832104277874888,2.6518857899749384,2.8840509811881567,2014,"{""type"":""MultiPoint"",""coordinates"":[]}"
173,2014-06,299.45944597411375,302.5260965614281,6,99841.37665691088,0.011925616611099135,-0.6261744055142936,2.4686884588585394,2.71433941098699,2014,"{""type"":""MultiPoint"",""coordinates"":[]}"
174,2014-07,299.3285199152859,302.6059654643048,7,99907.83440174971,0.005553420694040327,-2.3373577435331163,2.4255943385735983,3.5704020872480515,2014,"{""type"":""MultiPoint"",""coordinates"":[]}"
175,2014-08,299.22514690848647,301.99944263162445,8,100158.52939325274,0.009791490746416293,-1.1620111327877214,2.4444657661403406,3.0070764193945725,2014,"{""type"":""MultiPoint"",""coordinates"":[]}"
176,2014-09,298.7476349276477,301.9589312381495,9,100449.15135164902,0.0055474028806319345,-0.9334462411334025,1.836574310670566,2.311520610874461,2014,"{""type"":""MultiPoint"",""coordinates"":[]}"
177,2014-10,296.54772506667763,300.2447832151723,10,100995.22020392747,0.002033125193628284,0.12729420857006926,-0.2928681009515654,1.0997065226511933,2014,"{""type"":""MultiPoint"",""coordinates"":[]}"
178,2014-11,291.9244708012238,296.1646217860964,11,101112.72081445115,9.280527304895601E-5,0.755828662605324,-0.8540152738821829,1.2820566066496768,2014,"{""type"":""MultiPoint"",""coordinates"":[]}"
179,2014-12,288.60122107191745,291.51111453268584,12,101364.36867604479,1.2092195556559496E-4,0.8983642304051678,-1.0692456602930183,1.4605964795793096,2014,"{""type"":""MultiPoint"",""coordinates"":[]}"
180,2015-01,287.59235515306364,291.0686193245296,1,101456.95866534492,5.164558505559713E-4,1.029999857798804,-1.147545704080499,1.7379295466044378,2015,"{""type"":""MultiPoint"",""coordinates"":[]}"
181,2015-02,289.36977845774913,294.2404516367993,2,101300.36571783737,7.043313690916562E-4,0.4502854228800035,-0.4440683362227071,1.498709847539988,2015,"{""type"":""MultiPoint"",""coordinates"":[]}"
182,2015-03,291.16551360622987,298.40855565373636,3,101144.70059006797,0.0013419480533840853,1.0154682316928954,-0.5255897017464057,1.668655882863118,2015,"{""type"":""MultiPoint"",""coordinates"":[]}"
183,2015-04,296.0790021667788,299.9040689796839,4,100774.23239866564,0.01092602686350649,-0.5952986874729242,1.0820064508062592,1.9843356253158997,2015,"{""type"":""MultiPoint"",""coordinates"":[]}"
184,2015-05,298.59934126286345,302.36912348844254,5,100397.76841956194,0.007202777538020894,-0.5993943088124285,2.230065195558055,2.4981839444257767,2015,"{""type"":""MultiPoint"",""coordinates"":[]}"
185,2015-06,299.05755531641415,302.22854824469533,6,100055.25381262589,0.010449982893888621,-0.9362552438617832,2.874363686743099,3.3873870265361554,2015,"{""type"":""MultiPoint"",""coordinates"":[]}"
186,2015-07,299.06656301139225,301.5652381428299,7,99891.51049376886,0.018841544836609506,-1.7594305752027188,1.2323523327903323,2.9728866941965424,2015,"{""type"":""MultiPoint"",""coordinates"":[]}"
187,2015-08,299.41444359786067,302.1204359901635,8,100203.43423653071,0.011695600204800012,-0.9094184825307532,2.641948796230981,2.995501339870007,2015,"{""type"":""MultiPoint"",""coordinates"":[]}"
188,2015-09,299.22918439329214,302.31511758456656,9,100462.45135164904,0.008599281632261724,-0.16800114020840273,1.3453497354117523,1.9970153199636829,2015,"{""type"":""MultiPoint"",""coordinates"":[]}"
189,2015-10,296.9315097897193,300.4663768326527,10,100983.95521462739,0.0035540646676458084,-0.29581545130964004,-0.06070015613601167,1.2534795855195138,2015,"{""type"":""MultiPoint"",""coordinates"":[]}"
190,2015-11,292.63242269249,296.97401381201615,11,101219.21750534992,2.21767933405985E-4,0.07847888879346673,-0.6629212498904954,1.1930333073268349,2015,"{""type"":""MultiPoint"",""coordinates"":[]}"
191,2015-12,288.6834854848195,292.4590301114146,12,101450.48739300099,2.912858886372725E-4,0.334904233842698,-0.8153385334744794,1.292916817459742,2015,"{""type"":""MultiPoint"",""coordinates"":[]}"
192,2016-01,286.82089417180026,290.7318833273343,1,101457.52342963242,2.478515117658744E-4,0.6838558161966991,-0.8035080474669117,1.4703830174685841,2016,"{""type"":""MultiPoint"",""coordinates"":[]}"
193,2016-02,291.04454046366556,296.0355223134204,2,101309.85947098439,0.001102888803790283,0.504395027619234,-0.005029879652774046,1.2047164370283463,2016,"{""type"":""MultiPoint"",""coordinates"":[]}"
194,2016-03,293.3446554224296,299.5869439223982,3,101009.96544089878,0.0035372791879820704,0.48432839900585317,0.659887145317093,1.589434082966939,2016,"{""type"":""MultiPoint"",""coordinates"":[]}"
195,2016-04,298.70998470002905,302.9583540840571,4,100434.49887493705,0.005347499195186184,-0.27995874382187835,3.0543762763101165,3.466078667160189,2016,"{""type"":""MultiPoint"",""coordinates"":[]}"
196,2016-05,297.67893108202736,301.34333099641833,5,100360.79715508559,0.013605316237650607,-0.9930223311542382,1.344079013005244,2.1377177758628587,2016,"{""type"":""MultiPoint"",""coordinates"":[]}"
197,2016-06,299.24124296098074,302.74058768434696,6,100205.76961700655,0.006987575900226019,-1.0071064732225996,2.0650983046909115,2.4145162478677755,2016,"{""type"":""MultiPoint"",""coordinates"":[]}"
198,2016-07,299.310450411179,301.83855552711753,7,100103.81816150551,0.011291679124134963,-1.1583004571639999,2.8739009362093024,3.3319507653931,2016,"{""type"":""MultiPoint"",""coordinates"":[]}"
199,2016-08,299.2024426970236,302.63685992376315,8,100041.38035781722,0.007426593942269456,-1.8782450572001368,2.025917404439874,3.074856284496554,2016,"{""type"":""MultiPoint"",""coordinates"":[]}"
200,2016-09,299.2829015387989,302.2376644384224,9,100371.16534648789,0.00799019494940867,-0.8433334355868123,1.500705257283237,1.8840584062960077,2016,"{""type"":""MultiPoint"",""coordinates"":[]}"
201,2016-10,297.9379752567287,301.1698133209321,10,100642.19506703173,0.004096793948062146,-0.016698354888568585,-0.13062590544317423,1.4132109970457656,2016,"{""type"":""MultiPoint"",""coordinates"":[]}"
202,2016-11,292.66156386944937,296.53548915282954,11,101076.51250944108,0.0012175415912788444,0.14176311959387788,-0.7350804538164972,1.2056016125644782,2016,"{""type"":""MultiPoint"",""coordinates"":[]}"
203,2016-12,289.68877199601314,293.3429495604977,12,101255.61276120342,1.43677382886311E-5,0.8364424790260413,-0.8074740297724713,1.4917268858361012,2016,"{""type"":""MultiPoint"",""coordinates"":[]}"
204,2017-01,286.76500895674013,291.41012313243476,1,101378.8072523288,7.140301886190978E-6,1.323779809895119,-1.3881142562969933,2.001919452746073,2017,"{""type"":""MultiPoint"",""coordinates"":[]}"
205,2017-02,288.58482903886767,294.8642213450698,2,101265.56777442094,1.2759978318975458E-4,0.9915040741994419,-0.37275157424378375,1.694999137714797,2017,"{""type"":""MultiPoint"",""coordinates"":[]}"
206,2017-03,292.1193950918146,297.46505270167535,3,100912.4656155589,0.0031458137971456914,-0.3202366196226857,0.8137274850471261,1.6758326180679064,2017,"{""type"":""MultiPoint"",""coordinates"":[]}"
207,2017-04,296.691537011522,300.51275398123784,4,100594.88577070746,0.011631869504271378,-0.5164462888408884,2.0519713221719975,2.558460593500282,2017,"{""type"":""MultiPoint"",""coordinates"":[]}"
208,2017-05,298.60512235551204,302.13689227301063,5,100402.78192031721,0.010095204522857613,-0.7084116249646305,1.069215729769623,1.6490776797715248,2017,"{""type"":""MultiPoint"",""coordinates"":[]}"
209,2017-06,299.2402227457436,302.1748755386829,6,100003.91194454934,0.016545536689280205,-1.188258093025269,2.0405653799408516,2.7971315317300625,2017,"{""type"":""MultiPoint"",""coordinates"":[]}"
210,2017-07,299.3256302048913,301.91352612206333,7,100024.69111593657,0.01291109818443731,-1.6916097720944265,2.4060566368179854,3.0977377668406207,2017,"{""type"":""MultiPoint"",""coordinates"":[]}"
211,2017-08,299.5222974272053,302.4507518941182,8,100168.41954147784,0.010741626057297381,-0.8902554135788364,2.175545938689663,2.5268467130950216,2017,"{""type"":""MultiPoint"",""coordinates"":[]}"
212,2017-09,299.52999831830624,302.2529013703837,9,100448.68242384192,0.010358532760498628,-0.4503089068939557,1.528892862904828,1.8963082784391303,2017,"{""type"":""MultiPoint"",""coordinates"":[]}"
213,2017-10,297.63485318248235,300.6494501734309,10,100711.65198105488,0.00765861656501784,-0.6210001164692767,0.49351482175268074,1.7281627550620289,2017,"{""type"":""MultiPoint"",""coordinates"":[]}"
214,2017-11,292.47179133327813,296.77762604835414,11,101097.27336826533,2.847156670967525E-4,0.5462518554559767,-1.2798988810478737,1.6547468239932888,2017,"{""type"":""MultiPoint"",""coordinates"":[]}"
215,2017-12,290.2565163788118,293.1737592099776,12,101333.7195477719,0.003342609691798446,0.5127661223437971,-0.9140771968967366,1.434068194612527,2017,"{""type"":""MultiPoint"",""coordinates"":[]}"
216,2018-01,285.8703682921564,289.5823057053672,1,101208.82438947634,2.8631038709348678E-5,1.2718343428374537,-0.9386636787430876,1.7084627869308142,2018,"{""type"":""MultiPoint"",""coordinates"":[]}"
217,2018-02,289.4341502885923,295.0451122825599,2,101217.31667768126,1.2781845463964099E-4,0.5848204124610109,0.02793093946915258,1.3322052626355816,2018,"{""type"":""MultiPoint"",""coordinates"":[]}"
218,2018-03,292.7811947856185,299.2403461375626,3,100861.14115527441,0.002082530556252266,0.25551146887700477,0.7103068433259309,1.5616757813439697,2018,"{""type"":""MultiPoint"",""coordinates"":[]}"
219,2018-04,295.88947445964527,299.7091110798047,4,100731.78153323264,0.007422002593443653,-0.7150150535570049,0.9557134225169217,1.6159002557504443,2018,"{""type"":""MultiPoint"",""coordinates"":[]}"
220,2018-05,297.2620239503674,300.5395077554601,5,100489.7993863293,0.01379272966305205,-1.0506602202897586,1.7128728071128256,2.248996107874146,2018,"{""type"":""MultiPoint"",""coordinates"":[]}"
221,2018-06,299.30350231159133,302.55037048278376,6,99929.13473533482,0.010557683369694402,-0.8617069933229579,2.076301176526395,2.5616192406983527,2018,"{""type"":""MultiPoint"",""coordinates"":[]}"
222,2018-07,299.3979245465328,302.3620800191182,7,99847.701131357,0.008994479684678749,-1.8577087452044303,2.6104633477759385,3.401053937465985,2018,"{""type"":""MultiPoint"",""coordinates"":[]}"
223,2018-08,299.4087894189994,302.7982877825442,8,99940.66086826535,0.004901619186326636,-1.8074128219848433,2.202034634477783,2.9416074799769834,2018,"{""type"":""MultiPoint"",""coordinates"":[]}"
224,2018-09,299.14028890711535,302.62702792226247,9,100511.40807999749,0.004720451983774206,-0.4945981492268714,1.4782361741272458,2.222899135192521,2018,"{""type"":""MultiPoint"",""coordinates"":[]}"
225,2018-10,295.95030928167097,299.9274454076484,10,101028.38935202667,0.0031092847777157272,-0.5043995773083975,0.07308035544293287,1.3122704023174028,2018,"{""type"":""MultiPoint"",""coordinates"":[]}"
226,2018-11,291.74779735000476,296.54109500758227,11,101247.47401025932,1.4412964251548217E-4,0.08266539997219559,-0.3247592952376286,1.151428171256595,2018,"{""type"":""MultiPoint"",""coordinates"":[]}"
227,2018-12,287.8257592085025,292.2778592112561,12,101384.12272941842,0.0010762478577344481,1.1078874404096652,-1.3868574605847652,1.8566218712258513,2018,"{""type"":""MultiPoint"",""coordinates"":[]}"
228,2019-01,286.421156825808,291.81882206819813,1,101503.7027284743,8.791790666434298E-6,1.2531251360402489,-1.2762275164941286,1.8865584934444894,2019,"{""type"":""MultiPoint"",""coordinates"":[]}"
229,2019-02,288.2589824572791,294.708783874819,2,101324.79317252015,0.0015578792786857813,0.89807121290301,-0.558265563866643,1.6619222335714001,2019,"{""type"":""MultiPoint"",""coordinates"":[]}"
230,2019-03,291.44636411177066,298.912522195161,3,101025.18850232878,0.001620229059705569,0.6381058741912379,0.46365259687706056,1.549115044559568,2019,"{""type"":""MultiPoint"",""coordinates"":[]}"
231,2019-04,296.85454005676456,300.81472444563104,4,100728.05746317976,0.005329484130984616,-0.48095681544276997,0.9027024415204413,1.6214942197394389,2019,"{""type"":""MultiPoint"",""coordinates"":[]}"
232,2019-05,299.0996379133918,303.0142160959234,5,100350.55462141236,0.00849662391498895,-0.26324101995155286,2.720526242616313,2.9675529722322165,2019,"{""type"":""MultiPoint"",""coordinates"":[]}"
233,2019-06,299.5414573892245,302.8858059640137,6,100058.90296135446,0.011239134867873497,-0.8635745939651405,2.1561656666186155,2.5967969605223455,2019,"{""type"":""MultiPoint"",""coordinates"":[]}"
234,2019-07,299.47022477041435,302.47158187143987,7,99977.27431552116,0.0090022980628492,-1.2387763246188588,2.842828292260837,3.4466940593250124,2019,"{""type"":""MultiPoint"",""coordinates"":[]}"
235,2019-08,299.4989130025905,302.9762637227683,8,100022.37098911128,0.00811215270815224,-1.653707015310289,1.9263144498145113,2.737697040213365,2019,"{""type"":""MultiPoint"",""coordinates"":[]}"
236,2019-09,299.08755013119173,302.0998424887298,9,100585.43550163646,0.006617455997045667,-1.2016770591668613,1.3688443881867514,2.319439429796259,2019,"{""type"":""MultiPoint"",""coordinates"":[]}"
237,2019-10,297.3237346975705,300.3256214768025,10,100977.59015766616,0.005540136116475226,0.01334007904046072,-0.15595739856137247,1.3147217932706117,2019,"{""type"":""MultiPoint"",""coordinates"":[]}"
238,2019-11,293.814630489599,297.032960324321,11,101134.31724729355,0.002661710084966512,0.10995388423830776,-0.8366847736237634,1.3333400760167122,2019,"{""type"":""MultiPoint"",""coordinates"":[]}"
239,2019-12,288.10649876897065,291.33687658703695,12,101491.09925100702,2.960515832648052E-4,0.673417729205355,-1.3265918131681367,1.6695080838753422,2019,"{""type"":""MultiPoint"",""coordinates"":[]}"
240,2020-01,287.2292411934813,290.53213701353815,1,101440.92775679758,3.0749083258289466E-4,0.8327808781933088,-0.8899827900489892,1.4613881186108637,2020,"{""type"":""MultiPoint"",""coordinates"":[]}"
241,2020-02,287.1720693229068,292.97774908982007,2,101421.705659932,2.6529726077540345E-4,0.9225131753948401,-0.7975780428596374,1.4860894817723467,2020,"{""type"":""MultiPoint"",""coordinates"":[]}"
242,2020-03,290.98096461608213,297.9470721257297,3,101037.65058377391,9.742980864774042E-4,0.7405979571505736,-0.5895456534197925,1.305704277485616,2020,"{""type"":""MultiPoint"",""coordinates"":[]}"
243,2020-04,295.2327483546939,300.12212318504925,4,100842.42910844662,0.008789861825654005,-0.511507714713088,1.1779209001186748,1.6260074084749558,2020,"{""type"":""MultiPoint"",""coordinates"":[]}"
244,2020-05,297.83395723801965,301.35176339970616,5,100466.7773917422,0.008735001007749623,-0.6008537680540919,1.5663046151129496,2.1370691244833866,2020,"{""type"":""MultiPoint"",""coordinates"":[]}"
245,2020-06,299.48227020909053,302.30461222330723,6,100179.81300195114,0.010974825188435034,-0.8916498917587338,2.5912988449511576,2.977570554640344,2020,"{""type"":""MultiPoint"",""coordinates"":[]}"
246,2020-07,299.96349251277485,303.0719247992785,7,100020.35332640984,0.009110957196156781,-1.3714584534501981,3.002637621907429,3.5835179968381254,2020,"{""type"":""MultiPoint"",""coordinates"":[]}"
247,2020-08,,,8,,,,,,2020,"{""type"":""MultiPoint"",""coordinates"":[]}"
248,2020-09,,,9,,,,,,2020,"{""type"":""MultiPoint"",""coordinates"":[]}"
249,2020-10,,,10,,,,,,2020,"{""type"":""MultiPoint"",""coordinates"":[]}"
250,2020-11,,,11,,,,,,2020,"{""type"":""MultiPoint"",""coordinates"":[]}"
251,2020-12,,,12,,,,,,2020,"{""type"":""MultiPoint"",""coordinates"":[]}"
252,2021-01,,,1,,,,,,2021,"{""type"":""MultiPoint"",""coordinates"":[]}"
253,2021-02,,,2,,,,,,2021,"{""type"":""MultiPoint"",""coordinates"":[]}"
254,2021-03,,,3,,,,,,2021,"{""type"":""MultiPoint"",""coordinates"":[]}"
255,2021-04,,,4,,,,,,2021,"{""type"":""MultiPoint"",""coordinates"":[]}"
256,2021-05,,,5,,,,,,2021,"{""type"":""MultiPoint"",""coordinates"":[]}"
257,2021-06,,,6,,,,,,2021,"{""type"":""MultiPoint"",""coordinates"":[]}"
258,2021-07,,,7,,,,,,2021,"{""type"":""MultiPoint"",""coordinates"":[]}"
259,2021-08,,,8,,,,,,2021,"{""type"":""MultiPoint"",""coordinates"":[]}"
260,2021-09,,,9,,,,,,2021,"{""type"":""MultiPoint"",""coordinates"":[]}"
261,2021-10,,,10,,,,,,2021,"{""type"":""MultiPoint"",""coordinates"":[]}"
262,2021-11,,,11,,,,,,2021,"{""type"":""MultiPoint"",""coordinates"":[]}"
263,2021-12,,,12,,,,,,2021,"{""type"":""MultiPoint"",""coordinates"":[]}"
264,2022-01,,,1,,,,,,2022,"{""type"":""MultiPoint"",""coordinates"":[]}"
265,2022-02,,,2,,,,,,2022,"{""type"":""MultiPoint"",""coordinates"":[]}"
266,2022-03,,,3,,,,,,2022,"{""type"":""MultiPoint"",""coordinates"":[]}"
267,2022-04,,,4,,,,,,2022,"{""type"":""MultiPoint"",""coordinates"":[]}"
268,2022-05,,,5,,,,,,2022,"{""type"":""MultiPoint"",""coordinates"":[]}"
269,2022-06,,,6,,,,,,2022,"{""type"":""MultiPoint"",""coordinates"":[]}"
270,2022-07,,,7,,,,,,2022,"{""type"":""MultiPoint"",""coordinates"":[]}"
271,2022-08,,,8,,,,,,2022,"{""type"":""MultiPoint"",""coordinates"":[]}"
272,2022-09,,,9,,,,,,2022,"{""type"":""MultiPoint"",""coordinates"":[]}"
273,2022-10,,,10,,,,,,2022,"{""type"":""MultiPoint"",""coordinates"":[]}"
274,2022-11,,,11,,,,,,2022,"{""type"":""MultiPoint"",""coordinates"":[]}"
275,2022-12,,,12,,,,,,2022,"{""type"":""MultiPoint"",""coordinates"":[]}"
276,2023-01,,,1,,,,,,2023,"{""type"":""MultiPoint"",""coordinates"":[]}"
277,2023-02,,,2,,,,,,2023,"{""type"":""MultiPoint"",""coordinates"":[]}"
278,2023-03,,,3,,,,,,2023,"{""type"":""MultiPoint"",""coordinates"":[]}"
279,2023-04,,,4,,,,,,2023,"{""type"":""MultiPoint"",""coordinates"":[]}"
280,2023-05,,,5,,,,,,2023,"{""type"":""MultiPoint"",""coordinates"":[]}"
281,2023-06,,,6,,,,,,2023,"{""type"":""MultiPoint"",""coordinates"":[]}"
282,2023-07,,,7,,,,,,2023,"{""type"":""MultiPoint"",""coordinates"":[]}"
283,2023-08,,,8,,,,,,2023,"{""type"":""MultiPoint"",""coordinates"":[]}"
284,2023-09,,,9,,,,,,2023,"{""type"":""MultiPoint"",""coordinates"":[]}"
285,2023-10,,,10,,,,,,2023,"{""type"":""MultiPoint"",""coordinates"":[]}"
286,2023-11,,,11,,,,,,2023,"{""type"":""MultiPoint"",""coordinates"":[]}"
287,2023-12,,,12,,,,,,2023,"{""type"":""MultiPoint"",""coordinates"":[]}"
288,2024-01,,,1,,,,,,2024,"{""type"":""MultiPoint"",""coordinates"":[]}"
289,2024-02,,,2,,,,,,2024,"{""type"":""MultiPoint"",""coordinates"":[]}"
290,2024-03,,,3,,,,,,2024,"{""type"":""MultiPoint"",""coordinates"":[]}"
291,2024-04,,,4,,,,,,2024,"{""type"":""MultiPoint"",""coordinates"":[]}"
292,2024-05,,,5,,,,,,2024,"{""type"":""MultiPoint"",""coordinates"":[]}"
293,2024-06,,,6,,,,,,2024,"{""type"":""MultiPoint"",""coordinates"":[]}"
294,2024-07,,,7,,,,,,2024,"{""type"":""MultiPoint"",""coordinates"":[]}"
295,2024-08,,,8,,,,,,2024,"{""type"":""MultiPoint"",""coordinates"":[]}"
296,2024-09,,,9,,,,,,2024,"{""type"":""MultiPoint"",""coordinates"":[]}"
297,2024-10,,,10,,,,,,2024,"{""type"":""MultiPoint"",""coordinates"":[]}"
298,2024-11,,,11,,,,,,2024,"{""type"":""MultiPoint"",""coordinates"":[]}"
299,2024-12,,,12,,,,,,2024,"{""type"":""MultiPoint"",""coordinates"":[]}"
300,2025-01,,,1,,,,,,2025,"{""type"":""MultiPoint"",""coordinates"":[]}"
301,2025-02,,,2,,,,,,2025,"{""type"":""MultiPoint"",""coordinates"":[]}"
302,2025-03,,,3,,,,,,2025,"{""type"":""MultiPoint"",""coordinates"":[]}"
303,2025-04,,,4,,,,,,2025,"{""type"":""MultiPoint"",""coordinates"":[]}"
304,2025-05,,,5,,,,,,2025,"{""type"":""MultiPoint"",""coordinates"":[]}"
305,2025-06,,,6,,,,,,2025,"{""type"":""MultiPoint"",""coordinates"":[]}"
306,2025-07,,,7,,,,,,2025,"{""type"":""MultiPoint"",""coordinates"":[]}"
307,2025-08,,,8,,,,,,2025,"{""type"":""MultiPoint"",""coordinates"":[]}"
308,2025-09,,,9,,,,,,2025,"{""type"":""MultiPoint"",""coordinates"":[]}"
309,2025-10,,,10,,,,,,2025,"{""type"":""MultiPoint"",""coordinates"":[]}"
310,2025-11,,,11,,,,,,2025,"{""type"":""MultiPoint"",""coordinates"":[]}"
311,2025-12,,,12,,,,,,2025,"{""type"":""MultiPoint"",""coordinates"":[]}"
