AOD,AOD_available,LST_C,LST_available,NO2,NO2_available,climate_available,date,dewpoint,month,pressure,rainfall_mm,temperature,wind_speed,year,pm25_mean,pm25_max,pm10_mean,no2_ground,so2_mean,co_mean,ozone_mean,aqi_mean,observations,ground_pollution_imputed
,0,,0,,0,1,2000-01-01,12.502736725345756,1,101290.96218182964,0.3207467875073361,18.500795639202124,1.490234182147463,2000,52.32325478588172,114.3673723,89.09559482508065,25.443982524607527,22.41470458226881,1.2100211902392473,42.45009755064919,130.70417850701614,744.0,0
0.539,1,27.37000000000004,1,,0,1,2000-02-01,12.319067387197263,2,101172.486328125,0.7133510345997349,19.728269151709583,1.2695908612090865,2000,53.98201920340086,107.1990627,91.65675201511492,24.916947796422413,22.40838583306753,1.1782823543778735,42.38051436277873,133.73952855442528,696.0,0
0.622,1,31.44500000000002,1,,0,1,2000-03-01,17.527532114008466,3,100820.58222551244,2.002819960160589,24.42421130518761,1.492279984217198,2000,35.72191548034677,92.20844918,61.62965440577957,24.80020727939516,15.096392350247312,1.2022579102110216,64.69263461120967,100.41599055413978,744.0,0
0.58,1,31.20000000000003,1,,0,1,2000-04-01,23.09730489518916,4,100425.26116536456,9.351074843057816,27.63182612525094,2.2786072285498493,2000,35.437447347866666,101.3181868,61.63742806936112,24.34266214300972,14.8666510911,1.1963639389875,65.23060060081944,99.71985670470832,720.0,0
0.8180000000000001,1,31.950000000000017,1,,0,1,2000-05-01,24.986408857119898,5,100222.58610551077,16.06662882402031,27.843337508170865,2.015601418266978,2000,35.33598715563172,81.31737131,61.22357102747312,25.40298621622984,15.056952358182796,1.201892561591398,64.89973298962366,99.84050184048388,744.0,0
0.923,1,29.696666666666697,1,,0,1,2000-06-01,25.27108493381087,6,100028.81087239584,10.402533337087169,27.954416063096744,2.692149230488932,2000,34.215615855495834,84.64443787,59.34484395595833,24.96541729773333,15.17810259898889,1.1905455220513887,64.73439578090277,97.14425411663888,720.0,0
,0,30.870000000000005,1,,0,1,2000-07-01,24.730859826200746,7,99931.63563193045,7.656075098991197,27.74797395275488,3.167451178170751,2000,35.19208448654973,81.57826616,60.69498362290322,25.52115392971102,15.04831111334543,1.2073635587459677,42.55178711688844,99.50862753481182,744.0,0
0.653,1,,0,,0,1,2000-08-01,25.130731857463843,8,100092.48394447246,7.6385280828622895,27.62336200591062,2.6119946790546664,2000,34.36803884254839,91.97449151,60.09928186415323,25.190611079014783,14.873970564745967,1.194945008513441,41.7528053693871,97.26537843725806,744.0,0
0.684,1,28.443333333333367,1,,0,1,2000-09-01,24.373424890306296,9,100429.09123263888,8.663803120713471,26.834353065490745,1.8799855817556288,2000,34.99881045348333,85.7927211,60.31679787768056,24.807862116020832,14.935531594219444,1.1938902831361111,42.23355508312361,98.59475821575,720.0,0
0.662,1,31.67000000000003,1,,0,1,2000-10-01,23.498988723754906,10,100684.00505607355,6.123393356528683,26.303476423858285,1.0343536810554723,2000,34.76892842579436,81.92776987,60.75510583637097,25.56415502645699,14.749617322635752,1.2128719408508064,42.24422745626882,97.85142607379032,744.0,0
0.531,1,28.683333333333376,1,,0,1,2000-11-01,17.97464410993797,11,101150.64045138888,0.0783629393115603,23.015331586202024,0.9871616360762502,2000,35.693612659933336,88.23899177,61.60730139822223,25.564343806318053,14.89360524,1.204277338986111,42.06182219627361,100.14787573340276,720.0,0
0.408,1,26.235000000000014,1,,0,1,2000-12-01,12.419385590091792,12,101294.99760584676,0.0010192594829512,19.00827560424807,1.3124144533914206,2000,53.07550790413306,113.5064694,90.82420584321235,24.859824857821238,22.44190936037231,1.1962763245551076,41.93843964557392,131.56843435583335,744.0,0
0.6900000000000001,1,24.080000000000027,1,,0,1,2001-01-01,10.064326838011368,1,101222.3753832745,0.0103824491658645,17.789990217967727,1.79417686119955,2001,57.83112598097984,104.9298127,98.78156054818548,25.52907578834005,22.980340580415323,1.247817277045699,42.68356939300269,138.70400576645162,744.0,0
0.774,1,27.505000000000024,1,,0,1,2001-02-01,14.03986474900023,2,101011.24769810264,0.6837664830383616,21.71751940136869,1.3445731227882105,2001,57.4656602597634,113.939538,98.37847551785714,25.65257457260268,23.00817703228869,1.2482307351383928,41.68062810175893,138.1915058145982,672.0,0
0.459,1,32.87000000000003,1,,0,1,2001-03-01,16.31812490237661,3,100844.9176064768,1.784252970893481,25.63343612917004,1.3187602207789486,2001,38.03005439738576,88.40895135,65.87863392442203,25.538105473225805,15.350450867733873,1.2132700464637098,64.89078879208333,105.29393727748656,744.0,0
0.5760000000000001,1,33.97000000000003,1,,0,1,2001-04-01,22.082222345140224,4,100615.67834743924,3.5246225575420453,28.21696459452312,1.9795360287839847,2001,39.21598816977361,99.32659299,66.81021777222222,25.85191741684861,15.4183642642125,1.2296968220888889,65.59895029477778,107.81588327558332,720.0,0
0.626,1,32.145000000000024,1,,0,1,2001-05-01,24.22924657842168,5,100209.0937079973,17.587354416444178,26.71841851921488,1.7398450812071315,2001,38.8079910488965,88.40331804,66.22963321098119,25.64529722968414,15.633441826262096,1.2453796623642477,65.00295026102151,106.85663637379032,744.0,0
,0,23.750000000000057,1,,0,1,2001-06-01,24.703567420111824,6,99918.73812391494,16.817193983359857,26.804660458035016,3.08512821103174,2001,38.80912203679861,99.47427302,65.63464706572222,25.52321832853333,15.301610408765278,1.2195401758805555,64.78255923469445,106.57635478006944,720.0,0
,0,,0,,0,1,2001-07-01,24.77059348731916,7,99973.62978305612,8.675442878719027,27.53324175188618,3.380805952118847,2001,39.77242101252957,87.23437,67.52674864287636,26.160881719383063,15.258618593931452,1.2293599441532257,42.55094274627419,108.6739066514113,744.0,0
,0,30.470000000000027,1,,0,1,2001-08-01,24.98566976977929,8,100111.52089633736,6.175057170714519,28.053355235438232,2.634562883663023,2001,38.84863985335215,87.42226376,66.77960579651881,26.33221613477285,15.3832457938293,1.2254964917137097,42.96300750549865,106.51867841456988,744.0,0
0.589,1,32.85000000000002,1,,0,1,2001-09-01,24.828175269232872,9,100483.9551812066,7.081695100670278,27.366421169704893,1.6914897042007708,2001,39.083380127575,91.52509365,66.68815300231944,25.60107996076528,15.234795789894443,1.2434005670944444,42.14441951578194,107.58906090520831,720.0,0
0.298,1,32.150000000000034,1,,0,1,2001-10-01,23.59574039828391,10,100839.1493510585,8.112083625123104,26.17148309933248,1.1650691815767056,2001,38.95579182110753,97.61766394,66.00299777759409,25.436835280932797,15.548979595260752,1.2500702931344083,42.37648114666801,106.95740076487904,744.0,0
0.552,1,28.88500000000004,1,,0,1,2001-11-01,19.54353317684604,11,101260.28566080728,0.8610991294548379,23.07823611365427,0.9974038382746904,2001,39.02399415714167,91.13999618,67.904445676875,25.571610755706946,15.39812582327778,1.245763371790278,42.20940722762222,107.23718591444444,720.0,0
0.536,1,24.94000000000004,1,,0,1,2001-12-01,13.3108505208005,12,101532.40612399192,0.0011324853106899,18.888371896231035,1.4981840284072667,2001,58.7807289056801,121.7691827,100.76607185825269,25.259070919766128,23.08245993327957,1.2210318915994622,42.51049116977151,139.6611936827016,744.0,0
0.59,1,24.860000000000028,1,,0,1,2002-01-01,12.631707209925594,1,101409.63343729,0.4212085164347686,19.05378188676736,1.3414968350471457,2002,63.82814167225806,125.3895096,108.08251715659948,26.94553436884812,23.865208161599465,1.274549211939516,42.5910251594301,145.53073471194892,744.0,0
0.539,1,28.69500000000004,1,,0,1,2002-02-01,13.061144742511544,2,101385.4051106771,0.1289072859714325,21.93108933766689,1.7154775360930417,2002,63.31578755350596,141.1648299,106.81315034880951,26.73514357414881,23.57692385671131,1.2738469126160712,42.73203104377084,145.6808245985863,672.0,0
0.534,1,30.12333333333337,1,,0,1,2002-03-01,17.126953810004863,3,100902.79794081816,2.367436936248352,25.449075091782504,1.24368675872349,2002,42.92304035930107,96.43510364,73.85002055991936,26.31891428514919,16.22894679720296,1.269397612125,64.98470068752688,115.10932040780914,744.0,0
0.63,1,30.340000000000032,1,,0,1,2002-04-01,22.932092814975363,4,100631.9636827257,6.358796038434988,26.43844903310145,1.952028090471312,2002,42.3590288618875,107.4583252,71.85672228452778,26.560192181563888,15.844011109236112,1.2740512775875,64.3942317618611,113.46131097147222,720.0,0
0.917,1,29.63000000000004,1,,0,1,2002-05-01,24.17720436588411,5,100172.7844002016,14.883132126812717,26.69686753057664,2.128921702007067,2002,42.32409879951613,84.80591795,71.99747646645162,26.985215474217743,15.986771795639786,1.2564306765739248,64.6899192005242,113.69507878745968,744.0,0
0.994,1,32.52000000000001,1,,0,1,2002-06-01,25.06959849463567,6,100069.11633572052,16.577605644069614,27.01113412645128,2.608851704764512,2002,42.8960897864625,90.27090978,72.40706390409721,26.691895949516667,16.000493489695835,1.2804619275902778,64.79457871561111,115.0674915032639,720.0,0
,0,,0,,0,1,2002-07-01,25.70982236554545,7,99919.7227140037,15.810628158598613,27.624762368971343,2.63670408314016,2002,41.56879645799194,89.86614496,70.09624082950269,26.76803822347312,16.001558433208334,1.2871393231989243,42.7488291915793,112.26271249334678,744.0,0
0.318,1,33.63000000000005,1,,0,1,2002-08-01,24.82363709890717,8,100124.99931220598,9.127616940345536,27.2914391261275,2.5822341359607925,2002,42.187026678631725,93.33562291,72.87141183819892,26.404949798616936,15.704321825862904,1.2710996256962366,41.67163588545564,113.76976244563171,744.0,0
0.543,1,32.00333333333335,1,,0,1,2002-09-01,24.63010715908473,9,100544.85354275172,9.004712718182144,27.33173459370932,1.9410879630545208,2002,42.39126051868472,93.93161843,72.26974184479167,26.77093665882778,15.647577788434722,1.2575476832180557,42.09960211413889,114.32994109890278,720.0,0
0.508,1,31.450000000000045,1,,0,1,2002-10-01,22.22154730930117,10,100925.52752226144,2.931929441464189,25.609077461816867,1.0063588535105994,2002,41.863381938465054,96.96862246,71.49718710561828,26.500089063916665,15.778505483346771,1.2863449116505377,42.36872982686559,113.533372994207,744.0,0
0.313,1,28.215000000000032,1,,0,1,2002-11-01,18.79496267106805,11,101138.64759657116,3.527575892441704,22.78491547902433,1.3076729804832852,2002,42.4259077977125,83.0609032,72.11653896569445,26.861681667152776,16.04267010096111,1.271257720073611,42.24404439207222,114.38091152598612,720.0,0
0.579,1,25.335000000000026,1,,0,1,2002-12-01,14.264225506526143,12,101365.4680097026,0.025712636530001,19.880615304106072,1.3200146411046711,2002,64.54142190973118,126.3802393,108.87532895387096,26.460478963896502,23.91540538464785,1.2794772873010754,42.83826780211693,145.97220099689517,744.0,0
0.711,1,23.31000000000002,1,,0,1,2003-01-01,11.66195591342057,1,101524.77028204806,0.049038464062904,17.280789209181307,1.7494477473897003,2003,70.006926998293,134.9250088,118.92167644782258,26.95997914681317,24.784790761956987,1.309961045861559,42.377667433880376,151.48143646162637,744.0,0
0.654,1,28.685000000000016,1,,0,1,2003-02-01,14.685079874311157,2,101282.80854724695,0.3023382471562134,21.75046276365009,1.377523545854453,2003,68.6432327285253,134.0426867,115.9705902470238,27.479599047272323,24.47454743409524,1.3126183196413692,41.865847805566965,150.06589437047617,672.0,0
0.513,1,30.48000000000001,1,,0,1,2003-03-01,17.191249671033688,3,100998.8158077117,3.716347510231088,24.214460996402124,1.1559057732602165,2003,45.99039012279839,96.57197093,78.70083644673387,27.54287421571505,16.526475407356184,1.291095628552419,65.63528014708334,120.70219515224464,744.0,0
0.671,1,30.963333333333367,1,,0,1,2003-04-01,23.49697308010525,4,100650.49337565109,4.757481970400453,27.47294762929284,1.718903983721994,2003,45.40570398487083,108.6791889,78.7160136955,27.307709017701388,16.153690172738887,1.3137531202569444,65.62652463052778,119.25622505347222,720.0,0
0.892,1,31.130000000000035,1,,0,1,2003-05-01,24.79740931193038,5,100278.5594390541,6.593068576914641,28.51447526665146,2.244474832025873,2003,46.606498512516126,101.2917564,79.72207586598118,27.01183917402554,15.986138147166669,1.3298235056935483,65.28830877388441,121.44653712767472,744.0,0
1.105,1,27.36000000000004,1,,0,1,2003-06-01,25.22927000257704,6,99895.05362955728,20.824612047915043,27.301338259379065,2.9683913402320976,2003,47.011090561618055,100.1450455,79.380261316,27.058772107343053,16.539470851381946,1.2979323081916667,65.1475758523889,122.61545846325,720.0,0
0.351,1,27.940000000000023,1,,0,1,2003-07-01,25.01706425656556,7,100161.30488701278,8.105627747737334,27.748620831069104,3.263140043149779,2003,46.39800792968549,102.2526606,79.13264481461022,28.161479617400538,16.280778187618278,1.3057611266155915,42.3533872030457,121.31360501252688,744.0,0
0.49,1,33.160000000000025,1,,0,1,2003-08-01,25.075019967684284,8,100164.70278372816,6.2791753607732455,28.0649441626764,2.871742212914373,2003,45.34731040805107,97.70682451,77.33552545919355,27.254479252090054,16.29284117510215,1.3144387630376344,42.35998459541666,119.51544628651882,744.0,0
0.487,1,,0,,0,1,2003-09-01,24.806506941053613,9,100439.23254665798,6.985157051294284,27.367915895250064,2.037532277536533,2003,46.09426474153194,114.2587254,78.31421381706944,27.05794982755,16.089491075169445,1.3025891301833332,43.22012532484305,120.47277560470832,720.0,0
0.489,1,31.04333333333337,1,,0,1,2003-10-01,23.805558243618293,10,100918.10984227993,5.108122566784254,26.67085246424523,1.1322100974202844,2003,47.1159439659758,109.1912502,81.15760281189516,27.82290298668145,16.20306998309274,1.3231329985322582,42.480922974850806,122.33127067872311,744.0,0
0.49,1,29.32000000000004,1,,0,1,2003-11-01,16.532096015082516,11,101267.57857530384,0.0021834794565004,22.827246305677704,1.3029135182162292,2003,45.774164352825,94.6807198,78.73658161894444,27.671240874636112,16.48953751806528,1.332206175748611,42.06322868065833,119.67088768791668,720.0,0
0.433,1,25.79500000000003,1,,0,1,2003-12-01,13.77666072230187,12,101457.93390351984,0.9808137285261406,19.55155283199844,1.4369268038767782,2003,68.80893477597043,131.3147347,118.517457105793,27.92180595605914,24.174619939182797,1.3100610476491934,41.88711017726613,149.65542102962365,744.0,0
0.6950000000000001,1,23.43500000000003,1,,0,1,2004-01-01,12.516254146124822,1,101380.71469149028,0.0680658020340366,18.26579521343274,1.518806350938079,2004,74.64061654518817,135.4830634,126.9968475317473,28.104336809717744,24.967401469919352,1.333109598783602,42.77212713740592,155.98758028185486,744.0,0
0.727,1,28.75000000000003,1,,0,1,2004-02-01,12.297512111444632,2,101194.03550983296,0.0277387556956433,21.374413558258425,1.458305404289288,2004,75.95529775229885,133.2857395,128.4782343572701,27.732589431415228,25.241470627413797,1.3492967052514369,42.601516152327584,156.6612224735632,696.0,0
0.532,1,31.87500000000003,1,,0,1,2004-03-01,18.19218314386188,3,100790.3690093666,0.394281744663791,26.871141544465218,2.328518132971961,2004,50.169078793251344,102.5748207,84.6170109019758,27.976799734274195,16.828457863778226,1.3200784992553762,64.97393773967741,127.6508310989516,744.0,0
0.704,1,32.10500000000002,1,,0,1,2004-04-01,23.35878789689804,4,100561.81882595486,10.19781937316561,26.243423525492343,2.247629902719084,2004,49.34834882265972,100.9159561,83.85884310848611,28.379347675037497,16.785171785834724,1.3546779637444444,65.26448255470834,126.34149693356946,720.0,0
0.6890000000000001,1,30.77000000000004,1,,0,1,2004-05-01,24.935377662412577,5,100173.81736181116,7.916809332085892,28.92558949788412,2.4832342260189395,2004,50.3518793857043,103.8368453,85.32432437301075,27.42023054149059,16.923825069467743,1.3350478884932797,64.09545996540322,128.0647759639785,744.0,0
0.838,1,33.370000000000005,1,,0,1,2004-06-01,25.282543161180342,6,100074.25193684896,18.61920843820073,27.6500126732721,2.272456336855179,2004,50.93102335614444,110.0298281,87.43513574984722,27.887418314181943,16.749201083119445,1.339730975854167,65.51013974105555,128.82788215606945,720.0,0
,0,,0,,0,1,2004-07-01,24.82805732809089,7,100099.52636193715,14.255836645249374,27.148404344948347,3.172686361444397,2004,51.64168142161962,104.3007617,87.08875588626343,27.91006474250941,16.91031802030511,1.3530806766209678,42.77187579592204,129.84709291619623,744.0,0
,0,,0,,0,1,2004-08-01,24.83610063778451,8,100039.15424962198,7.872872712969211,27.622282795239528,3.1461983886819347,2004,50.93426852113172,103.5802413,86.83407723876343,27.761181442633063,16.43867389665726,1.3369043207526885,42.436197333674734,129.36407464555109,744.0,0
,0,,0,,0,1,2004-09-01,24.476248190138165,9,100540.54661458332,19.89844476583625,26.820656628078893,2.466637884396812,2004,50.59992571015834,98.8909078,86.52984736240278,28.08921457139028,16.47923667541389,1.3607234318541666,41.99592070534306,127.90954362095836,720.0,0
0.474,1,31.05000000000004,1,,0,1,2004-10-01,21.82794163611635,10,101094.87180254533,4.388680044745606,25.57413774715951,1.4907011786561024,2004,50.63382388846505,103.4479748,86.97847814514786,27.80320757856048,16.697841630639786,1.3504657409341398,42.18148995742742,127.93498340223115,744.0,0
0.5690000000000001,1,28.13666666666669,1,,0,1,2004-11-01,16.239427036709287,11,101291.04937065972,0.0306056744798629,23.04659843444824,1.0861141334441184,2004,50.67765348629028,110.4808245,86.1112269465,28.58646048289722,16.85067071613889,1.3499763998708334,42.278420118775,127.9660428302361,720.0,0
0.507,1,26.095000000000027,1,,0,1,2004-12-01,14.08564707848342,12,101370.30191532258,0.0564250236616619,20.70660751917029,1.2118881731226157,2004,75.80674477475134,139.9811084,128.14252495700268,28.031992294567203,25.19378961099193,1.3273111723884408,42.50188615999328,156.6721446599328,744.0,0
0.725,1,24.28000000000003,1,,0,1,2005-01-01,12.390948006414646,1,101350.71618783603,0.2173705896093415,18.90335947262349,1.7055262166014928,2005,82.54462197774193,153.9347043,138.71554868899196,29.41076218692473,26.200391703629037,1.3969499570053765,43.18649763277016,162.38254276529568,744.0,0
0.555,1,30.085000000000026,1,,0,1,2005-02-01,14.674550083705412,2,101164.18218122207,0.2423322766384064,22.706089364914703,1.9395492474887672,2005,82.17615487354166,147.4934359,139.3865816827381,28.73854390984673,25.938526105714285,1.3866355651294644,42.7923587717366,162.08349887678574,672.0,0
0.587,1,31.965000000000032,1,,0,1,2005-03-01,19.50400392265732,3,100918.6042296707,3.3722571968076456,26.18624011214058,1.8297780587544228,2005,54.78527369801076,105.0567975,92.6809860514516,28.324358587087364,17.284316924103493,1.384093550985215,65.64692775383065,134.50388439955643,744.0,0
0.704,1,32.16333333333338,1,,0,1,2005-04-01,22.39934974246557,4,100796.28140190971,3.143795199426691,27.97632603115511,1.7945025428210857,2005,54.17596681470416,103.6257152,93.708473498,28.425980688365275,17.17080849257778,1.3830988942569442,64.51163201451389,133.12017077054168,720.0,0
0.807,1,29.61500000000004,1,,0,1,2005-05-01,24.37026740453581,5,100349.71986832158,11.4714106500571,27.93224335537161,1.8750753618179328,2005,53.224203391005375,116.5685001,90.3585790377016,29.28991768955645,17.101793987844086,1.3679674189623656,64.89638245600807,131.96726940600806,744.0,0
0.888,1,30.350000000000023,1,,0,1,2005-06-01,25.8034762064616,6,99872.28082682291,7.189098078897871,28.957247967190256,2.794210290808545,2005,55.01801799117917,113.1499878,93.90580542,29.08230059215417,16.928803484875,1.3747178123611112,64.45244598651388,134.13372293545834,720.0,0
0.26,1,26.57000000000005,1,,0,1,2005-07-01,24.826329393284425,7,100078.9506153394,11.11974724832632,27.616908953266773,3.165714165098914,2005,54.38929471849731,114.7998798,93.4970402206586,28.58112665690457,17.07521664543145,1.3753776851290322,41.58543081402823,133.15465489017475,744.0,0
,0,31.390000000000043,1,,0,1,2005-08-01,25.174157714843773,8,100035.56644300236,8.134692722127776,27.8026734916113,2.540570375871636,2005,55.53725766181048,115.7728676,94.28176230604838,28.38140874332661,17.245926522577957,1.3718309791760752,42.30320616356183,135.71722294998656,744.0,0
0.517,1,29.56333333333337,1,,0,1,2005-09-01,25.135350163777616,9,100462.20554470486,10.878730528289182,27.776316197713182,1.4663696194508526,2005,54.52989168985416,122.0406334,93.60996179027778,28.78320424758889,17.193449228043054,1.3706106924569446,42.16172355117222,134.21192216075002,720.0,0
0.435,1,32.64333333333337,1,,0,1,2005-10-01,23.554636153354465,10,100944.64158581146,7.454855326979637,26.0907802868914,1.20763948230253,2005,54.57810590770161,108.5206305,93.16688633486558,28.36738371875941,17.224724022663978,1.3715546792607527,42.42986152524866,134.19231237775537,744.0,0
0.491,1,29.090000000000032,1,,0,1,2005-11-01,17.337375047471824,11,101148.8117784288,0.0987336733379843,22.65499299367264,1.2206203662945028,2005,54.58871359092223,106.1241056,93.15419738909722,28.39121616548333,17.001266670118056,1.3685224627402777,43.02707012673333,134.45394916520834,720.0,0
0.364,1,26.42500000000004,1,,0,1,2005-12-01,13.33365496563647,12,101252.25512432794,0.201045935709877,19.91396016766953,1.658115081671721,2005,82.2504528342742,149.8358796,140.5700857480914,28.847968745396507,25.690351683024197,1.3759152174583331,42.38325646396774,161.85975002252687,744.0,0
0.771,1,24.12000000000004,1,,0,1,2006-01-01,12.086115896573688,1,101300.09566637264,0.0255180506261953,18.915274843605573,1.7195869911553816,2006,88.93743074633065,170.3260191,150.8437387645968,29.56244243450672,26.39345895478898,1.4189063446303765,42.48445589277957,166.1869954689785,744.0,0
0.72,1,30.33500000000004,1,,0,1,2006-02-01,16.298349998110837,2,101064.63453311012,0.0880806412177597,24.35497341156008,1.6088703663151953,2006,88.11576893096726,148.1743713,150.73966376532738,29.79134309227976,26.422150130245537,1.4048815689479166,42.550232089915184,165.45199109665177,672.0,0
0.554,1,33.59000000000003,1,,0,1,2006-03-01,15.942718411517433,3,100823.66137957826,0.1508110800424062,27.14243565631176,1.6983463201172568,2006,59.33233909985484,115.3911518,101.12188759771506,29.267156706146505,17.467230145588708,1.4083250757284944,65.21399089995968,139.9130029619086,744.0,0
0.6960000000000001,1,33.27000000000004,1,,0,1,2006-04-01,22.825435511271223,4,100558.42724609374,5.647569394600301,27.65750066969128,1.8312401891696544,2006,58.41850944878889,122.5282606,99.84350221084722,29.602026860768053,17.394702600530554,1.4259124615777778,65.56457968037499,138.72720065252778,720.0,0
0.605,1,30.683333333333355,1,,0,1,2006-05-01,24.222101609424897,5,100357.5523405998,10.714185795627998,28.03497932598151,1.8989855384651515,2006,58.69841658679167,116.3160087,100.46908487645162,29.655310294655912,17.76249342507258,1.405344599096774,64.7157067161828,139.27075390029572,744.0,0
0.884,1,,0,,0,1,2006-06-01,25.625528144836323,6,100097.78945855037,9.130171880961884,28.369234445360007,2.541427460467164,2006,58.69929903717083,116.1818439,99.82882610956943,29.07452210968472,17.637401145968056,1.4266805838374998,63.98057744652778,139.1394353854861,720.0,0
,0,33.23000000000002,1,,0,1,2006-07-01,25.127819971884435,7,99910.9086599042,11.535159117840175,27.75464733492948,3.0137714976390955,2006,58.74395901529167,119.9232422,99.2167245940457,28.59735207825538,17.62540263729032,1.4219835780685484,42.30999569264113,139.7564028297984,744.0,0
0.337,1,34.07666666666669,1,,0,1,2006-08-01,24.782429631551167,8,100133.48516255042,9.455123699557856,27.74053871811077,2.8050212227919697,2006,59.43792578076613,117.2234431,101.45539703180108,29.432150549159942,17.73348466163441,1.3951923304475806,42.39111972081452,140.2022594352957,744.0,0
0.408,1,32.35000000000002,1,,0,1,2006-09-01,24.739721700880352,9,100501.58867730036,7.334473763882462,27.63029774559868,2.0747728754716124,2006,58.61515853943472,111.9645991,100.5246715450278,29.717398492770837,17.430199343250003,1.410947734884722,42.18948067467639,138.61741656218055,720.0,0
0.582,1,31.59666666666671,1,,0,1,2006-10-01,23.266351236322866,10,100987.49744308638,1.901162103408412,26.824521329326103,0.995345067064257,2006,59.74545766226478,120.3564967,103.24774979614249,29.51492372440188,17.884810745630375,1.4153434205483872,42.62780036262097,140.43496655827957,744.0,0
0.494,1,29.10500000000001,1,,0,1,2006-11-01,17.818514060974223,11,101170.84140625,0.1512463558993223,23.820211474100745,1.353908464346665,2006,60.07068564189722,113.5456444,101.38615943776388,29.339379258354164,17.709977684280553,1.4184393073583332,42.748287324088885,141.76455229706943,720.0,0
0.77,1,25.62500000000003,1,,0,1,2006-12-01,14.02054561902122,12,101393.68601415493,0.0232785225047072,20.558757708149585,1.180674246357131,2006,88.61736304475806,154.9127263,150.80127845439517,29.60271166820027,26.686984104744624,1.4228065130403225,43.102603864680106,166.11294739602153,744.0,0
1.03,1,23.205000000000027,1,,0,1,2007-01-01,11.290641034034024,1,101476.55218308972,0.041514735365185,18.62462331710327,1.4528410565130392,2007,95.52358839524194,171.14193,162.29583375623656,30.646139411599464,27.24003440344086,1.450714301983871,42.64884781337634,170.1076315088844,744.0,0
0.8230000000000001,1,27.07000000000002,1,,0,1,2007-02-01,15.69389191582087,2,101271.26046898252,2.1443826410407447,20.626374748774936,1.0925341561879212,2007,95.6971395735119,167.4192561,162.15329057093751,29.87849474103125,27.082355643824403,1.4404435479613098,42.313943556293154,170.46307005075892,672.0,0
0.511,1,33.795000000000016,1,,0,1,2007-03-01,15.20538400629522,3,100938.68919585852,0.6473707578785772,25.09940710170304,1.2687045535020491,2007,63.644654135389786,121.1669839,108.1493214330242,30.185941674852156,18.253766337606184,1.45670503459543,64.51026652645162,145.58782969251345,744.0,0
0.711,1,32.940000000000026,1,,0,1,2007-04-01,22.92555402119956,4,100664.64993489582,8.903219878043936,27.536315388149774,2.454472034352685,2007,64.05296457109722,111.7068459,107.16537517997222,30.55518419864861,18.107022790566667,1.468554617898611,65.3279026916389,145.33956314691665,720.0,0
0.6930000000000001,1,33.58333333333335,1,,0,1,2007-05-01,24.99778801702695,5,100263.15316805274,5.559565091858767,28.450598119920244,1.972605434962062,2007,64.04801258249866,115.6509532,108.43150807303763,30.311049747178764,18.162295018884407,1.45179921184543,64.64721847736558,145.97016861873655,744.0,0
0.529,1,27.58000000000004,1,,0,1,2007-06-01,25.541256777445422,6,100039.92742513024,20.03864230455529,27.93782090081112,2.951331874912033,2007,63.50398789554166,124.0475492,107.05162665698612,30.867663155220832,18.150777791877776,1.4458206232388888,65.54544328337501,144.95530250827778,720.0,0
,0,,0,,0,1,2007-07-01,25.15893180190875,7,99963.40875441028,19.033592228562235,27.43132631035257,3.222506152190067,2007,63.85059932607796,120.0991892,108.56753615001344,29.848042730678763,18.1077820289207,1.4780593313763442,42.67749938771505,145.3934453717742,744.0,0
0.436,1,28.33000000000004,1,,0,1,2007-08-01,25.24976940360113,8,100035.0251333585,8.396522852289612,28.12327320139906,2.4822381199695784,2007,63.410111335060485,116.706744,107.49362319893817,30.37579459691801,17.9449967077164,1.4643330148817204,42.41814099413306,145.18852802353493,744.0,0
0.356,1,32.50000000000003,1,,0,1,2007-09-01,24.765566274854848,9,100294.81692165796,11.570378482766111,27.11830319298639,2.1768027534260708,2007,63.49799384269444,120.5613993,108.89157350905556,30.15734865630972,18.16893694224028,1.448424387826389,42.45283297646667,145.68870224552776,720.0,0
0.451,1,30.01000000000002,1,,0,1,2007-10-01,22.86691416258452,10,100749.14037298386,9.754225583301556,26.07223050107234,1.0218623750207088,2007,63.39904843998656,121.1877741,109.62789684693549,29.46047436261962,18.34093525646505,1.4733897658548387,41.96401839657796,145.0219736039113,744.0,0
0.442,1,29.76000000000002,1,,0,1,2007-11-01,19.27450014750167,11,101115.65842013888,3.5079141565631744,23.09903221130378,1.3828499393428777,2007,63.47639774923889,118.3655232,106.9089080276528,30.39202740061111,17.914410715470833,1.4625933799819444,42.4039310471,145.17120859040278,720.0,0
0.768,1,24.65000000000005,1,,0,1,2007-12-01,13.547432548769107,12,101277.78025768648,0.0038691079535945,19.4318724068263,1.511963801753432,2007,94.99530259504031,170.1549697,161.27828828158604,29.4587218874879,27.449292120860218,1.4625646128870968,42.37002292736559,170.11327178721774,744.0,0
0.794,1,24.18000000000002,1,,0,1,2008-01-01,13.054785111129943,1,101248.95708900371,1.4540136857523898,18.86598064873806,1.5858218128087498,2008,101.78887498538978,180.930638,173.08160762639784,31.259913809732527,27.71439791356183,1.4972685716841396,42.21217789316263,174.0682440454301,744.0,0
0.883,1,26.160000000000025,1,,0,1,2008-02-01,12.782486588927496,2,101245.2476427802,0.4858310029110045,19.50836474539227,1.272369920228238,2008,102.36574606497126,172.1645557,173.9606806431322,31.005054311056035,27.99264361448276,1.4905649719597702,42.39273324116667,174.34095208979886,696.0,0
0.858,1,31.37000000000004,1,,0,1,2008-03-01,19.802129774196143,3,100773.12690587198,1.6100100931654902,25.936328260360256,1.5505780183957585,2008,68.03916577245967,133.5280772,115.74469263416668,31.48622406733602,18.048214479106186,1.5012988601075268,65.02181797784947,150.19616032741936,744.0,0
0.645,1,33.29500000000003,1,,0,1,2008-04-01,21.73811901940246,4,100504.63188476562,2.0190718763444693,28.730311245388577,2.165187556766959,2008,68.77376957172918,133.0397445,117.33522546731945,30.26859086475139,18.57221233067361,1.4906501101652776,65.24320994172223,150.26067699868057,720.0,0
0.883,1,31.57000000000005,1,,0,1,2008-05-01,24.58378271697672,5,100173.56607022848,7.128081547439284,29.05444755144015,1.829930270307088,2008,68.14251212066532,122.5964373,116.13349853497311,30.785427059278227,18.575379485375,1.5049068711586022,63.93569448043011,150.04285408098116,744.0,0
,0,,0,,0,1,2008-06-01,24.947260750664668,6,99977.95646158856,11.410082527227178,27.31538463168681,3.0120852937175715,2008,68.57386535670834,123.0328466,115.787002434125,31.56784211048889,18.99238748025,1.5015319892638888,65.47954836941668,150.00957017859722,720.0,0
,0,,0,,0,1,2008-07-01,24.94429820891344,7,99953.58707682294,13.722293283836754,27.14932216931419,2.960404608300071,2008,67.37079913571236,121.621341,114.0822787883871,31.24233340261156,18.214658920875,1.4913601174327955,42.68874724794086,149.22481732991935,744.0,0
,0,32.53000000000003,1,,0,1,2008-08-01,24.95475724743256,8,100121.07168283768,9.41815977413506,27.529968372467977,2.88828215534494,2008,68.1833006520027,126.8362861,115.817863976707,30.849929253482525,18.69569271086156,1.500138389346774,43.14152124874328,150.36812917978494,744.0,0
0.56,1,30.920000000000016,1,,0,1,2008-09-01,24.80914041731097,9,100387.27218424478,11.755474414636186,27.36802955203592,1.8020298112306736,2008,68.87465163809722,129.9099684,116.99335356402776,30.802873228654164,18.685424357577777,1.482261319588889,42.39695294645694,150.27994283825,720.0,0
0.467,1,31.18500000000003,1,,0,1,2008-10-01,22.57327933772922,10,100850.66544333838,7.047427177150051,25.75013942923596,1.3863000873506242,2008,67.46927592939517,122.3183625,114.02264597426075,31.001121211317205,18.6044326506465,1.476248205014785,42.60042650795027,148.5225174392742,744.0,0
0.323,1,29.250000000000018,1,,0,1,2008-11-01,17.963466983371347,11,101137.842843967,0.0122955046611158,22.80068266126841,1.081242342197699,2008,68.23056766150277,126.0137022,115.66891514477778,31.07407874617361,18.360739837980557,1.4834413535513888,42.54859580676944,149.31042111272225,720.0,0
0.809,1,26.26333333333337,1,,0,1,2008-12-01,15.918001593312963,12,101297.00914083504,0.0263963400404386,21.00432566981158,0.9198420908403786,2008,102.15627409196236,167.7808552,173.12213638897848,30.845602502245967,27.873587398073923,1.4858533062997312,42.800626240741934,174.2200466841398,744.0,0
0.989,1,25.51000000000004,1,,0,1,2009-01-01,14.313900863483411,1,101390.24199323758,0.0137480853477161,20.453649016349573,1.3434157415866284,2009,109.78283911180108,179.6019671,185.25750824392472,31.84076468612903,28.690823917220428,1.5305636860698923,42.54689034961559,178.67830442013442,744.0,0
0.634,1,29.835000000000026,1,,0,1,2009-02-01,13.273635255722752,2,101007.32999674475,0.121444259165366,22.60737494514109,1.9225741941707208,2009,109.53650885553571,172.112522,186.1876695194792,32.03047856335268,28.48417231092708,1.5183840195699403,43.02448955599107,178.58923323288693,672.0,0
0.788,1,32.44500000000004,1,,0,1,2009-03-01,16.781269430345105,3,100836.02695522513,4.102268229387612,26.30112335041008,1.3121354605960276,2009,72.58887457685483,130.2755131,123.49880042325267,31.596425629803765,18.895803635307796,1.5372984436290322,64.52517001080645,153.90187910497312,744.0,0
0.6940000000000001,1,33.99000000000003,1,,0,1,2009-04-01,22.853894064161523,4,100478.10020616316,1.0556296114890766,28.822039349873933,2.472536274323017,2009,73.99085589087221,140.0965798,126.16866936980556,31.75892217641111,18.57206194881945,1.532678129834722,65.49439982879167,155.32989336766664,720.0,0
0.797,1,32.805000000000035,1,,0,1,2009-05-01,24.390428735876583,5,100273.90389784946,8.95599264933527,28.45119220774665,1.9515684104933115,2009,73.2365879353629,145.0621717,124.66752112524192,31.77619866896774,19.21801839974731,1.5221556685819893,64.1501104524328,154.73142391669356,744.0,0
1.007,1,,0,,0,1,2009-06-01,25.9459096484714,6,99938.61828342012,6.846096515773799,29.09275881449389,2.8882891073897685,2009,73.09141351808333,140.3981511,125.70805254840278,31.680895389386112,19.299330550355556,1.5312643249805555,64.64640790286111,154.2040803445417,720.0,0
,0,32.39000000000004,1,,0,1,2009-07-01,25.13087472402924,7,99878.67139721944,10.894066203731072,27.95572232482266,3.255679714114297,2009,73.01516678860214,134.7348114,123.56899596575268,32.40249251426613,19.18179681942473,1.5083366028844083,42.92395836011829,154.20046260856182,744.0,0
0.862,1,31.11000000000004,1,,0,1,2009-08-01,25.46228005604081,8,100199.32540007558,14.271231723016069,27.76274954683032,2.428896721286143,2009,73.67434420498655,139.5347409,125.11618577303764,31.4869425067043,18.890197923048387,1.5192545258642474,41.68241377515861,154.9605461652285,744.0,0
0.644,1,32.80000000000001,1,,0,1,2009-09-01,25.04525197347016,9,100371.78442925349,8.98956312799939,27.587322086758093,2.025627458632288,2009,73.16186170719722,144.5243448,123.343563281,31.614713607086117,18.81912337341805,1.5144542086166666,42.20753662425139,154.09731477083332,720.0,0
0.501,1,33.163333333333355,1,,0,1,2009-10-01,22.405286038306485,10,100776.81587596607,4.48847990953512,26.009565751270543,1.3859300490853743,2009,72.80843702009274,129.5521546,123.29114139208332,31.595824628264783,19.01536699628898,1.5111827804677418,42.53627621835081,154.14097840896503,744.0,0
0.61,1,29.675000000000026,1,,0,1,2009-11-01,18.027522023518884,11,101119.0701497396,0.3776288596743171,24.30772878858784,1.1357119556421884,2009,73.72495684688889,131.6028614,124.61717134177778,32.46316549729583,19.176844670573608,1.535326871673611,42.29513342559305,155.13036415259722,720.0,0
0.872,1,25.53000000000003,1,,0,1,2009-12-01,13.581488443190096,12,101353.74612525204,0.0082605343649788,19.999555308844435,1.2288657887117502,2009,109.78140700600808,188.3525609,186.22157441525536,31.541318822991933,28.552412885913977,1.5297534762056453,42.67453210060484,178.749243259543,744.0,0
0.711,1,24.88000000000004,1,,0,1,2010-01-01,12.846029064219522,1,101433.60493846607,0.0156617808784176,18.88699099633004,1.8868770373046808,2010,116.52055046759408,187.4430115,196.93173951407255,32.29157329618011,29.12206610806452,1.5533083538387096,42.95074209686425,182.54695473494624,744.0,0
0.798,1,28.77500000000002,1,,0,1,2010-02-01,13.75718930108212,2,101177.14714122957,0.471246226243695,22.479022666386243,1.245307509381279,2010,116.2863753397024,194.1944528,196.62209408217265,32.71449969763096,29.3783560900744,1.585955665059524,42.122318361968745,182.4851031095238,672.0,0
0.677,1,32.65500000000003,1,,0,1,2010-03-01,18.93746938807988,3,100781.87131951444,2.1324295099714257,28.06619536287053,2.366552392479687,2010,78.32450664693548,153.4123959,132.53668669428762,32.584041832603496,19.67643122525,1.566542042198925,65.0323040988172,158.5542061539516,744.0,0
0.801,1,33.60000000000002,1,,0,1,2010-04-01,24.043177392747623,4,100503.82287326393,4.571551145374997,29.847325091891776,3.438091642820515,2010,78.44043278172222,150.2382289,132.53832303381944,33.2713399087625,19.34993290478611,1.5496966090527775,65.5002271343889,158.5691994246389,720.0,0
0.944,1,34.180000000000035,1,,0,1,2010-05-01,25.1674590244088,5,100241.42272555444,10.81822103367656,28.511050222253346,2.6332510938850024,2010,78.21150493231183,135.6114073,132.3237134503898,32.62397659999731,19.25244242325672,1.5618011485241936,64.86002089805108,157.99508892748656,744.0,0
1.186,1,,0,,0,1,2010-06-01,25.908892334832103,6,100070.22924804688,18.26213468040005,28.38244578043623,3.211472478006307,2010,78.07523351830555,145.7852718,132.29333801844444,32.462572257134724,19.572204968980557,1.5623841415041668,65.21017236504166,157.75771141668056,720.0,0
,0,32.49000000000001,1,,0,1,2010-07-01,25.319747666389617,7,100182.90569871472,7.399622340758717,28.23081314743206,3.108608587276343,2010,78.26399728100806,150.3680106,134.12099289918012,32.3631178240793,19.48756254231317,1.5519318438709675,42.66247038851882,158.37396669877688,744.0,0
0.462,1,29.590000000000032,1,,0,1,2010-08-01,25.332350380190007,8,100298.77733849964,6.268619123690335,28.354312207621945,2.426711158363485,2010,77.89957475954436,134.4116812,133.23250083321238,32.5955415205672,19.525207334920697,1.5564772870053765,42.672536142759405,158.51917708598117,744.0,0
,0,35.49000000000001,1,,0,1,2010-09-01,24.944709714253747,9,100482.22100151912,8.256543012688885,27.503069792853523,2.014907380761898,2010,78.14142496504168,135.6561046,132.4660943972361,32.30713658179583,19.841570232880557,1.5550534916111112,43.25543446133194,158.3779201457361,720.0,0
0.46,1,32.3366666666667,1,,0,1,2010-10-01,23.699358548400312,10,100605.26596102152,5.605484605816576,26.89920514424637,1.1692608372169575,2010,77.62628350354838,141.347737,133.3707596354839,32.53077338325134,19.605045802866936,1.5494975794704302,42.51047989841263,158.05492484202955,744.0,0
0.685,1,30.00000000000003,1,,0,1,2010-11-01,18.719337209065827,11,101059.37153320311,0.3054349314065044,24.1859996159871,1.1624817112253711,2010,77.8084186666125,142.6614648,132.75771466977778,32.34839105810417,19.167536834069445,1.565078311691667,42.50265802975139,157.43247001791667,720.0,0
0.6990000000000001,1,25.410000000000025,1,,0,1,2010-12-01,13.592143795054485,12,101041.5068779402,1.2875359307070624,19.404680219260623,1.4857266864056855,2010,117.32928970087366,200.3041439,200.4663974444758,32.392034030239245,28.9498661202957,1.5680300236491935,41.9198971235672,183.28843729166667,744.0,0
1.089,1,23.08500000000004,1,,0,1,2011-01-01,11.371607860442223,1,101230.77577389951,0.0391122259184011,17.808327795869673,1.3760115292511184,2011,123.86489076282258,201.9918485,210.92268770764784,33.34777945408468,29.733749885147848,1.5975983866666668,42.47192880087097,187.4964804551075,744.0,0
0.78,1,29.26000000000004,1,,0,1,2011-02-01,12.936931796300996,2,101085.83440871464,0.0915949499533346,21.854319599696566,1.499643089901309,2011,124.65055009,202.9470291,213.51202255674107,33.60102912336756,30.371987418229168,1.5992414864880953,42.83699452897024,187.8100997876488,672.0,0
0.683,1,32.35500000000005,1,,0,1,2011-03-01,17.556480005735978,3,100832.06004809306,2.4815095311427533,25.81335718708664,2.058484436377021,2011,82.28374901693549,149.3601142,138.7161171046774,33.7581279963414,19.99396823620161,1.5964338676720429,64.79812888630376,161.77056117180106,744.0,0
0.789,1,32.450000000000024,1,,0,1,2011-04-01,22.237970267401863,4,100756.07864583332,3.616278640053968,27.14592319064684,1.2161970553628898,2011,83.35036957461111,149.6549784,142.31672614025,33.48625273579861,20.177852564069443,1.5985343328638888,64.49263753819444,162.43027963141668,720.0,0
0.8310000000000001,1,33.310000000000024,1,,0,1,2011-05-01,24.6246034847793,5,100328.81555569556,13.009716882607911,27.68055492113996,1.8920482368787528,2011,82.71066337866935,139.0612675,140.2654965258602,33.18276856342608,19.98598258051881,1.597590090938172,65.84381172422043,162.07690805794357,744.0,0
,0,33.59000000000003,1,,0,1,2011-06-01,25.33465696970626,6,99882.2600423177,14.573225563330183,27.644758881462963,2.8902989526976905,2011,83.10752201744444,145.4198885,141.87933683552777,33.106021831022225,20.08341602414305,1.580971085986111,64.93812379201388,162.19406241588888,720.0,0
0.749,1,32.01000000000005,1,,0,1,2011-07-01,24.94723103430977,7,100050.23838625672,9.320780505980508,27.794046881891006,2.707215510725897,2011,83.43449215655913,139.1039943,141.30244347572582,33.09273449352285,20.09955181897177,1.5831793416962363,42.59903295444757,162.6836989911156,744.0,0
,0,34.93000000000001,1,,0,1,2011-08-01,24.86938504044724,8,100171.98210685483,13.746228539009769,27.09580106427597,2.6081659499628724,2011,82.98483565360215,145.405004,140.61604107598117,33.37050117365188,20.1225674274879,1.5784434439354835,42.2350884652742,162.1051567272312,744.0,0
0.627,1,31.80000000000001,1,,0,1,2011-09-01,24.756102964613262,9,100255.01872287328,9.35422183070867,27.47024991777204,2.477836032817054,2011,83.11503076460139,147.0952438,140.84755722025,33.43609689467361,19.982865237644443,1.596371025627778,41.79940059834584,162.1751522072361,720.0,0
0.685,1,32.57000000000003,1,,0,1,2011-10-01,22.99590228501188,10,100810.30409421206,1.6823736715778637,26.992292945615706,0.95311590300377,2011,82.2543129881586,147.6339443,140.42693207498655,32.8644830249664,20.02971870473387,1.6130712422822582,42.82852975372312,161.53285419002688,744.0,0
0.8170000000000001,1,30.055000000000035,1,,0,1,2011-11-01,16.80467847188322,11,101162.63056640624,0.1093821106495104,23.03222719828284,1.1939664320389054,2011,83.7136714590139,135.3331894,142.15558812762498,33.63349532566111,20.188849356709724,1.562339641176389,43.18824919995556,162.92303524255556,720.0,0
0.733,1,25.49500000000002,1,,0,1,2011-12-01,14.355232923774397,12,101289.40996723792,0.0070960894108124,19.85905225610219,1.3950122239300085,2011,124.51765346840054,200.2346934,211.6097703798521,32.72530285782661,29.857205351008066,1.6039843026881722,41.4128967686586,187.82559074032255,744.0,0
0.994,1,24.175000000000026,1,,0,1,2012-01-01,12.469388518794917,1,101336.54865486392,0.7119815987008662,18.158674863589795,1.4654065705756392,2012,132.9141685923387,204.4991586,225.76710964607528,34.28448376936828,30.6619510053629,1.6203966424301075,42.221891014928765,193.89756216922044,744.0,0
0.744,1,28.675000000000026,1,,0,1,2012-02-01,11.916734204347108,2,101029.6572490122,0.0868505602981932,21.462232909805493,1.5991437926965737,2012,132.58028161250002,214.5384041,225.6027010698563,34.96135864728592,30.738192534008626,1.6424066864727012,42.78523366006609,193.4862670433908,696.0,0
0.789,1,32.055000000000035,1,,0,1,2012-03-01,16.537583964358078,3,100803.70741977486,0.3770538234313392,26.458276736351763,1.5749365284904262,2012,89.99334299487903,151.4303885,152.6046745625941,34.2591470821129,20.28193389568952,1.629721174705645,64.64135603643817,167.0107730641801,744.0,0
0.759,1,32.77500000000002,1,,0,1,2012-04-01,23.04843794504808,4,100573.4655219184,9.223281201909472,27.06330475277372,2.187842289520624,2012,88.51210556934721,149.4060183,150.95063843706944,34.02958886844306,20.461107537055558,1.6089836192152778,64.68126147648611,165.89141260155557,720.0,0
1.052,1,35.30000000000004,1,,0,1,2012-05-01,24.84955817191832,5,100204.7997941868,3.764663275719746,29.31658780497895,2.2290811838044444,2012,88.88164050014785,162.7917733,151.19736240766127,34.70400234716532,20.55750434244489,1.6167834478037637,65.00825265837365,166.50261933317205,744.0,0
1.138,1,32.190000000000055,1,,0,1,2012-06-01,25.910813013712584,6,99716.11082899306,10.752246962139605,29.17701136271154,3.544923927041894,2012,88.52349165748612,156.2913259,150.9445248178889,33.80642517475833,20.370597411593053,1.6186879096138889,65.34781619790277,165.702880953,720.0,0
,0,,0,,0,1,2012-07-01,24.9461663440992,7,99907.15819262434,7.987801754160433,27.74827890293568,3.592703405901158,2012,88.87398379092741,144.1648656,151.4741267823387,33.90914964828226,20.385733294173388,1.6276372171626343,42.432052596030914,166.444686089543,744.0,0
,0,,0,,0,1,2012-08-01,24.87709679962495,8,100139.82028624832,9.087516874718892,27.695721029466142,2.736063338519134,2012,87.65064716974463,154.2736426,148.33363528096774,33.61738005383199,20.07750084375672,1.6127874005712366,42.3735192355,164.91972272739247,744.0,0
0.722,1,,0,,0,1,2012-09-01,24.92341950734459,9,100478.18195529516,8.66784277590516,27.452625083923408,2.273178937659614,2012,89.08552887147222,149.0038108,151.80012066595833,33.89001897445694,20.23464452661528,1.6240593971666668,42.74040023410278,166.19514625204167,720.0,0
0.512,1,32.703333333333354,1,,0,1,2012-10-01,21.95191909215788,10,100938.91148458504,5.196739226261551,25.649591515653867,1.4347452124551416,2012,88.31820287627687,143.0879655,148.72196328685484,34.065214991279575,20.326405709698925,1.622562505405914,43.01388628202285,166.10151103159947,744.0,0
0.607,1,28.476666666666706,1,,0,1,2012-11-01,16.795945337083594,11,101098.86670464413,1.9959436078478872,21.776335016886435,1.3827681988894618,2012,89.25908792451388,151.906726,150.83135435447224,33.88430627415556,20.501944132819443,1.63658760685,42.8246272735375,166.42686613166669,720.0,0
0.8240000000000001,1,23.550000000000026,1,,0,1,2012-12-01,13.814359221919917,12,101251.65869140624,0.1593128284066973,18.601067725560995,1.425131096225661,2012,132.49822673560482,212.5227635,225.45394215568547,34.20155875109408,30.75037049346774,1.645366402282258,42.44164930627689,193.3966500456989,744.0,0
1.083,1,23.67000000000003,1,,0,1,2013-01-01,11.218687537408698,1,101442.09753024194,0.0113633915221971,17.349454867455165,1.575697041705015,2013,140.59075975630375,213.4181945,237.9755611933064,34.677972446524194,31.151949910430105,1.6575643570120968,42.71833733158602,199.4551635423387,744.0,0
0.552,1,30.055000000000035,1,,0,1,2013-02-01,13.03589267276584,2,101252.103515625,0.3766066796251672,21.355156176430853,2.00170444681146,2013,140.9441285335119,232.1612954,239.05893626965772,34.58584815948363,31.323399162410716,1.6732165437425597,42.42241827467559,199.9210989831845,672.0,0
0.66,1,34.21000000000004,1,,0,1,2013-03-01,17.0104620205459,3,100923.91272891464,0.1944712018236087,26.421118200978867,1.5142794875756245,2013,93.25701148408602,156.4156185,158.12694557219086,35.09417376494893,21.232348929146504,1.66039707102957,65.26891783436828,169.05220985356183,744.0,0
0.709,1,35.06000000000003,1,,0,1,2013-04-01,21.64021341535789,4,100570.55466037328,3.756471704041668,28.04636647966163,1.97454217201446,2013,93.73944260348613,155.4085736,158.33611825081942,34.84497362847917,20.95762722929722,1.6721803515277778,65.08050183501389,169.2309601441389,720.0,0
0.919,1,25.55000000000001,1,,0,1,2013-05-01,24.274492456579765,5,100229.9142987651,20.672934119758107,26.647443287347016,2.607712580046444,2013,94.73401466549733,166.6271025,161.49634209693548,34.88838597833602,20.95049700357124,1.6525456244919356,65.21588353512097,169.88068178727153,744.0,0
0.597,1,36.13000000000005,1,,0,1,2013-06-01,25.15163012610537,6,99988.77968750003,4.867045891509273,28.4883603837755,2.400285074274883,2013,93.8280311045,151.3311633,159.59242103993057,34.8708975109375,20.73481384342917,1.6658597788833334,65.17314626301389,169.193043114,720.0,0
,0,,0,,0,1,2013-07-01,24.740071581768746,7,99926.75712995631,5.03491732450376,27.87860368708141,3.417442952250382,2013,93.70663300961024,169.0380703,159.05020417396503,34.70069836079705,20.898929731551075,1.6598886724126345,42.53515093388306,169.18810684581987,744.0,0
,0,,0,,0,1,2013-08-01,24.71790195588148,8,100181.11546013942,8.34624406406425,27.24902303552119,2.6645200196775902,2013,93.79741413388442,163.5957895,159.16708754978495,34.97215572375672,20.827668324806453,1.6633316813548389,42.40353698877016,169.23123484778228,744.0,0
0.594,1,33.39000000000004,1,,0,1,2013-09-01,24.93585391574436,9,100403.55320095486,8.006969856620099,27.421430354648123,1.7409303150934796,2013,93.42597449027777,168.9543358,158.25151422377778,34.526771462250004,20.808374231043054,1.6518625002930556,42.66542957309444,168.89344974544443,720.0,0
0.586,1,31.45666666666669,1,,0,1,2013-10-01,22.980058821811497,10,100918.42441091228,5.867061403490752,25.816656428511408,1.1694923358845597,2013,93.08718963090054,159.2681393,157.65572425901885,34.65867391597983,20.640030141126346,1.653946917030914,42.1915287943293,168.8649826183871,744.0,0
0.473,1,30.560000000000016,1,,0,1,2013-11-01,16.17089152865941,11,101192.96303710938,0.0078597332382912,21.9248546388414,1.6008426182540052,2013,93.41475753118056,157.8785844,159.89459529372223,34.67924866311806,20.801985250145837,1.6721632355736111,42.11563474605417,169.20035783313887,720.0,0
1.041,1,25.57500000000003,1,,0,1,2013-12-01,13.713149745490057,12,101333.66648290493,0.0663423765619685,19.537053311255704,1.2909681145432212,2013,141.0991559413441,216.9133853,239.31439628241932,34.529145857630375,31.393013230241937,1.6458811905766126,42.97017767430511,199.7291026487903,744.0,0
0.756,1,24.82000000000004,1,,0,1,2014-01-01,12.959160843715892,1,101556.24238701275,0.0314269280612543,18.208955301264385,1.7117130951169666,2014,148.5014833843414,218.3249587,253.0855274563172,35.83784049718952,31.78721734323925,1.7047831332258063,42.52076115419892,205.55673882284944,744.0,0
0.833,1,28.12000000000004,1,,0,1,2014-02-01,13.704502337319582,2,101192.8755812872,2.1024014221975307,19.86601945786248,1.6188941923188227,2014,148.783966961875,229.8353492,253.63632221699405,35.38524608968155,31.82095004947917,1.702790224809524,42.40888717916666,206.01793058050595,672.0,0
0.532,1,34.800000000000026,1,,0,1,2014-03-01,16.042365789926237,3,101080.32113155242,0.7042537647191327,24.72006009009584,1.66659208567661,2014,98.96313407255376,165.7705892,169.00022810130378,35.613988319505374,21.24292588920027,1.7135865830026882,64.71922258348118,172.47188928317206,744.0,0
0.796,1,36.09000000000003,1,,0,1,2014-04-01,21.1559085210165,4,100686.3404513889,2.149460939928124,29.12332734002013,1.5264780055353415,2014,100.35951443038888,161.8039966,170.11341634227776,35.13119233523056,21.13275858815972,1.6917249382916666,65.00599222033333,173.214756528375,720.0,0
0.774,1,33.505000000000024,1,,0,1,2014-05-01,24.473113796275182,5,100421.3346144153,6.039276750184151,29.314823630548176,2.6091672790911167,2014,99.8859637642742,170.4104368,170.06954901775535,35.42892958220968,21.36540993093145,1.6919038363575267,64.87412423096774,173.0786954247312,744.0,0
1.197,1,29.33000000000004,1,,0,1,2014-06-01,25.668193054199264,6,99873.0064561632,11.857291748220552,28.50383964114718,2.507275185115715,2014,99.33012092941668,170.0960013,168.27681610158334,35.628850802056945,21.142182966444445,1.7050694161138888,64.62332699068055,172.36228115211114,720.0,0
0.488,1,,0,,0,1,2014-07-01,25.144192611530343,7,99941.23523080476,5.528374086654276,28.268114241733315,3.3137625321499145,2014,99.1123780244758,165.3449101,169.65022280330646,35.55717361325537,21.195279020096773,1.716514714408602,41.73308278891532,172.48054185673388,744.0,0
,0,33.690000000000055,1,,0,1,2014-08-01,25.08617490132656,8,100195.58264553933,9.307668881171546,27.61602449724751,2.820902509318392,2014,99.2869705180914,166.7769305,169.06394862658604,35.12316202070699,21.175466167010757,1.7036459469959675,42.35280841187097,172.62538936645163,744.0,0
0.8160000000000001,1,32.80000000000004,1,,0,1,2014-09-01,24.5857494778104,9,100489.25354275174,5.596048564933653,27.624923833211312,2.159261740232864,2014,100.14778659184722,162.9864876,170.51934141343054,35.65061493390556,21.025241265713888,1.712512703977778,42.85508547594028,173.03321580172224,720.0,0
0.556,1,31.98000000000001,1,,0,1,2014-10-01,22.320992283154624,10,101024.7056766633,2.111603954625432,26.150458846553704,0.9682604948332488,2014,99.0214401800672,162.4780441,167.29084217276883,35.54279104480779,21.09739678903763,1.7130005374892474,42.45206599349462,172.27118139705644,744.0,0
0.719,1,29.63500000000002,1,,0,1,2014-11-01,17.353502358330616,11,101140.91184895832,0.0964200923052752,23.14285002814404,1.101727801059608,2014,98.86011775194444,170.5347108,168.50743170509722,35.27158817383472,21.218599954929168,1.6889228114694446,41.469841537427776,172.17364967084723,720.0,0
0.711,1,25.710000000000008,1,,0,1,2014-12-01,14.946132093860228,12,101382.4841124832,0.1075891308828881,19.57601336817584,1.4138273627953628,2014,149.5489462325941,230.0305898,255.0385456570565,35.46837351311962,32.059783011747314,1.69926791972043,42.83339447380645,206.45690431787636,744.0,0
0.846,1,25.035000000000025,1,,0,1,2015-01-01,13.85403287333827,1,101477.90179771504,0.4056881767825088,18.906560024138457,1.66816268698429,2015,157.53762356233872,247.5144334,268.56632430793013,35.94889314859812,32.36414751686828,1.7383413749704302,42.37167266803629,212.836770825,744.0,0
1.084,1,28.720000000000027,1,,0,1,2015-02-01,15.035936223893032,2,101331.24943033852,0.6273446630627534,21.49858818054196,1.3158502863700483,2015,157.05908159227678,244.7586266,266.93601973891367,36.29682588425,32.555233790684525,1.7450305303482143,42.4853650888497,212.7926474931548,672.0,0
0.591,1,33.87500000000003,1,,0,1,2015-03-01,16.497555115402406,3,101168.85505397344,1.3450372797136183,25.34688148498543,1.5300283383899236,2015,105.32957355319893,166.978453,178.9936997406586,35.89490980915995,21.91643775946774,1.7396690264260757,64.72836739775538,176.041533533871,744.0,0
1.018,1,35.003333333333366,1,,0,1,2015-04-01,22.76076060401067,4,100809.84565429686,11.615544777856712,26.05204681820345,1.6638000446373666,2015,105.62329817090276,174.5518249,178.85629131965277,35.99066316111806,21.994814736823614,1.7416993235555556,65.21541982493055,176.16673373101386,720.0,0
1.01,1,32.14333333333335,1,,0,1,2015-05-01,25.25914775479231,5,100429.29781481014,6.9847937477584034,28.54983240353169,2.159186439145456,2015,105.83567901646504,178.6918577,179.3390449688844,36.4412062695457,21.72027282933468,1.748170877299731,65.07061332817204,176.3899243939516,744.0,0
0.889,1,35.49000000000001,1,,0,1,2015-06-01,25.20048359764945,6,100087.29855685764,10.024846159509693,28.320486005147306,3.103812058157357,2015,105.14805887591667,176.8895191,179.62510277029165,36.66701130601389,21.471960158248613,1.731456894122222,65.29895574652778,175.8037485458611,720.0,0
,0,,0,,0,1,2015-07-01,24.9825275667252,7,99920.43048555111,19.32387956356885,27.11174022305397,2.6031259577239263,2015,105.74681515862903,179.3913287,181.43348978536287,36.18300317897312,22.05944707149193,1.7377044586801076,42.21239154667473,176.27838734875,744.0,0
,0,,0,,0,1,2015-08-01,25.158590960759,8,100247.3940639701,11.770135588893282,27.73401786229948,2.8091158625475847,2015,104.64655885008064,169.6041672,178.49032184126344,36.019878076709674,22.02599356478898,1.7544909432163978,42.12090905313172,175.53234637403227,744.0,0
0.785,1,32.29000000000002,1,,0,1,2015-09-01,25.088259696960503,9,100499.22737630206,9.237012653784522,28.01412315368657,1.836671211760776,2015,105.71603983491669,170.7566498,179.861360015,36.18938532542917,21.919489521702776,1.7169698629680556,42.383917135618056,176.35891956416663,720.0,0
0.8260000000000001,1,31.65000000000004,1,,0,1,2015-10-01,22.602349668933527,10,101019.85683383734,3.766469913245721,26.08992243120747,1.066329171064637,2015,105.14213577725806,176.9019336,178.6877603632258,36.68327552949865,21.677647326567204,1.7475366414610216,42.69839273082661,176.0827816403226,744.0,0
0.5720000000000001,1,30.955000000000027,1,,0,1,2015-11-01,17.954828580220635,11,101241.86985677083,0.2434184962297081,23.398490164015016,1.043746346045147,2015,104.82122475841668,169.4355372,178.42057405722224,36.69342320236667,21.77141785656528,1.7378105630416667,42.3305279290375,175.68454104194444,720.0,0
1.126,1,24.21000000000004,1,,0,1,2015-12-01,14.547697239537342,12,101475.67714633736,0.330663027055938,19.68079038640502,1.1440388538670123,2015,157.85429016231186,241.9572216,268.6480518052957,36.37557592943951,32.27353614680108,1.7225107768870969,41.996581482755374,213.284249280914,744.0,0
1.269,1,23.705000000000027,1,,0,1,2016-01-01,12.761128792711531,1,101484.44841019824,0.247898885439144,18.35606844502109,1.33647714851535,2016,166.04998521612904,250.0,282.14499132594085,37.105134776073925,33.46254457439516,1.789140773784946,42.727762138794354,220.27790788360213,744.0,0
1.378,1,29.550000000000026,1,,0,1,2016-02-01,16.94809461133235,2,101339.28887728987,1.1304347195878128,22.84350574098778,1.0001618252882354,2016,166.00619168860632,250.0,281.3013878854885,37.21464772927155,33.44535302431034,1.7752727915747126,42.47403745069828,220.09909178189653,696.0,0
0.912,1,32.19000000000003,1,,0,1,2016-03-01,19.269040700440826,3,101035.70155514951,3.771712944517657,26.4526770889118,1.4344988809465289,2016,111.05121182883065,211.5970509,188.6538810052285,36.885279719514784,22.32180626382258,1.7693899489771503,64.82836138494623,179.41381330860216,744.0,0
0.865,1,34.71000000000002,1,,0,1,2016-04-01,24.57866634792748,4,100454.18103298612,4.852150324849565,28.881328709920297,3.032767231107328,2016,110.42293460206945,175.2623532,187.0318821734583,36.63936852396528,22.312382195031944,1.769801567959722,64.98008760868056,179.06620888194445,720.0,0
1.103,1,30.54333333333337,1,,0,1,2016-05-01,24.52933611715997,5,100391.84172337028,13.485684767567085,27.72340227762851,1.7617221950534196,2016,110.77048022833333,179.2819557,188.8609613370296,36.85242759831855,21.99076173888575,1.7734185873440862,65.49805757591398,179.4112129173387,744.0,0
0.788,1,34.59000000000003,1,,0,1,2016-06-01,25.230736690097444,6,100234.45513237848,7.068498345737595,28.35271277957486,2.232531537546825,2016,110.98303087,181.0300831,190.3736529669305,36.21736970372222,22.455316900241662,1.7772824843791666,65.14946181484723,179.4458567461111,720.0,0
,0,,0,,0,1,2016-07-01,25.20561020143583,7,100137.43456506214,11.504269000654755,27.56440155275402,3.004295247823565,2016,110.4644677324328,176.1063497,188.5291368995833,37.15468831437366,21.84553674628629,1.7646040517379034,42.790688593375,179.0799129611559,744.0,0
0.321,1,27.53000000000003,1,,0,1,2016-08-01,25.00271875935221,8,100073.87455372144,7.426293667998102,28.210045320244262,2.802176856873548,2016,110.86049409489247,174.9362618,188.23607221287637,36.84639023829301,22.30664261914516,1.7605690270295695,42.29370676397178,179.4139576419355,744.0,0
0.35,1,,0,,0,1,2016-09-01,25.13075936635329,9,100410.76556532118,8.059095988101816,27.88883813222259,1.8164974246704173,2016,110.76954236065278,189.5250977,187.97253943318051,37.190751206625,22.336087189001383,1.7822848329486112,42.213246196851394,179.36355306875,720.0,0
0.371,1,33.21500000000003,1,,0,1,2016-10-01,23.617234802246173,10,100678.00685168846,4.20359111071255,26.79980262428205,1.2829574519242566,2016,111.40701724055108,185.1952571,190.1008155049865,36.97036684036156,22.21289052832796,1.772919791107527,42.75213925158467,179.7201039448925,744.0,0
0.506,1,29.30333333333336,1,,0,1,2016-11-01,18.4986021677654,11,101104.0597005208,1.3720910514981215,23.13228113386361,1.0392997924334615,2016,111.13219982208334,185.4093717,188.32532413994443,37.17705190306528,22.675026087409723,1.7526575089375,42.67766781877778,179.28251808625,720.0,0
0.743,1,26.970000000000027,1,,0,1,2016-12-01,15.646843149328788,12,101279.52381552418,0.0127087564199349,20.88491733920193,1.415877862824935,2016,167.18399458313172,250.0,282.7084313228495,36.67393818652688,33.35127109913978,1.7744290168642471,42.405517807311824,221.11406895846773,744.0,0
0.717,1,25.62500000000003,1,,0,1,2017-01-01,12.643043649324795,1,101399.64927230342,0.0101843992847387,19.169341762091506,1.9488173718594488,2017,176.35803158196236,250.0,298.4308018955645,37.82539086464113,33.75526397698925,1.8093837711344083,41.72468866517338,229.077787275672,744.0,0
0.875,1,29.660000000000025,1,,0,1,2017-02-01,14.030909588223324,2,101292.77398972285,0.1384343520296482,22.327674302600656,1.5693333289745244,2017,175.32062543467262,250.0,297.46641178809523,37.77733408362202,33.67952355638393,1.7929961231383928,42.01809394730655,228.2201055142857,672.0,0
0.834,1,30.555000000000035,1,,0,1,2017-03-01,18.3247837230723,3,100945.18333648352,3.1100531260741096,23.965996042887355,1.494985387048168,2017,117.30178648435484,186.9252921,200.06258703775532,38.16844057992204,22.69782450293549,1.8079418463306447,65.39391105805107,183.15415181653225,744.0,0
0.932,1,33.03000000000005,1,,0,1,2017-04-01,23.20637864006892,4,100622.00920681424,11.554573012491668,26.983227941724977,2.236729223908243,2017,117.52741830754168,196.1495406,199.485809689875,37.84039021853055,22.403480844822223,1.8105313601333333,64.67372296205278,183.39042071319443,720.0,0
1.011,1,31.490000000000048,1,,0,1,2017-05-01,25.06570658940143,5,100435.2310200353,9.9723058313007,28.325860739267,1.3313992965913397,2017,116.86556430201612,193.072569,199.98817645923387,37.685508572948926,22.897527755451613,1.7894078169502687,65.27893438353495,182.9394092206989,744.0,0
,0,,0,,0,1,2017-06-01,25.5685348934598,6,100033.27095811632,16.861383136673897,28.08047584957552,2.440580978186881,2017,116.32008239666668,189.6403078,198.6452615409028,37.5543805889125,22.869140643376387,1.8049030558,65.149666307625,182.6872835048611,720.0,0
,0,,0,,0,1,2017-07-01,25.166306452597382,7,100055.47373781924,12.891922111299824,27.55507441284834,2.906908750854148,2017,117.60446530709676,198.1540893,200.39645722446235,37.90876882689516,22.66092568344758,1.8201887924919355,43.207147799634406,183.33501225927415,744.0,0
,0,27.78000000000003,1,,0,1,2017-08-01,25.29026339951389,8,100196.05930254536,11.26893507114598,28.045226751348025,2.3894412920980064,2017,116.99339970561827,186.610797,198.9866529656855,37.067997077396505,22.78758464073387,1.819130346030914,42.75789551504032,182.99529613252687,744.0,0
0.629,1,33.950000000000045,1,,0,1,2017-09-01,25.30549295213484,9,100480.31342230905,10.206888044257312,27.859363555908203,1.7457540246962957,2017,117.84130690891666,189.9443746,200.8391782331528,37.30077408405138,22.39833268235,1.8199455787736112,41.892238915054165,183.57639702333333,720.0,0
0.669,1,30.8566666666667,1,,0,1,2017-10-01,23.27506929623189,10,100741.9754966818,7.37349778646436,26.40376358442409,1.5223328945459036,2017,116.1073945925672,180.9283228,197.2150931930645,37.58820444540323,22.811816832134404,1.8187541803534943,41.82622378739247,182.5164780235215,744.0,0
0.534,1,30.295000000000016,1,,0,1,2017-11-01,17.828831524319185,11,101115.05176323786,0.2504906999384104,23.27180192735466,1.55861937694919,2017,117.27400351244444,203.6035745,199.4815895491528,37.54485387623056,22.56594840128611,1.8104309865305557,42.53317858197222,183.29792477958333,720.0,0
0.632,1,25.815000000000023,1,,0,1,2017-12-01,16.039360464772813,12,101354.86008904567,3.5828811981884066,19.86019996725105,1.2005196199570796,2017,175.0502112045968,250.0,296.5641657357527,38.09479500620968,33.93206039248656,1.822025822625,41.62086278093145,228.01232889005377,744.0,0
1.038,1,23.54000000000005,1,,0,1,2018-01-01,12.14357756337813,1,101233.45817582322,0.028306220778472,17.41182795698927,1.6459460999380164,2018,184.9416100473656,250.0,311.2033871424732,38.22625948675269,34.57785380229839,1.8284007618494624,42.3526229623965,236.61656505725807,744.0,0
1.034,1,29.22500000000004,1,,0,1,2018-02-01,15.008187412080304,2,101240.67002650668,0.1327903790653601,22.192650935763425,1.2258621989409042,2018,184.4552802779613,250.0,309.82043053526786,38.58943753034524,34.49819374712798,1.8569037808630957,42.98390972722471,236.14433763526785,672.0,0
0.833,1,32.71000000000002,1,,0,1,2018-03-01,18.253413608510016,3,100890.06150243618,2.0861171042220863,26.208253663585992,1.4442782082577064,2018,123.1019748122043,191.1632818,209.35993112259408,38.06808970343817,23.001309569384407,1.8469290593198924,64.70085471693548,187.0632239954301,744.0,0
0.879,1,32.78333333333336,1,,0,1,2018-04-01,22.79589167700874,4,100763.98767903648,7.285420711450404,26.5698411941529,1.3286985274468044,2018,122.16777140572222,186.9078077,207.21360654320836,38.07323849705416,23.067464522947223,1.8593928517833327,65.2769469391389,186.23204548152776,720.0,0
0.988,1,30.13666666666669,1,,0,1,2018-05-01,24.047969764791503,5,100523.04095787129,13.86087151740374,26.77502524263116,1.8689513568474068,2018,122.83982213653226,195.2583029,209.1257341748387,39.16022600673387,23.421497019719087,1.83360116243414,65.50144859748656,186.75214731559137,744.0,0
1.125,1,34.05000000000001,1,9.011345017435296e-05,1,1,2018-06-01,25.68624877929681,6,99956.21692708335,10.559574638084968,28.5119457032946,2.341920965178151,2018,122.24261204606944,196.7195031,207.80327971202777,38.50688432903611,23.032467876248614,1.8446519841694444,65.25857635193056,186.2746808538889,720.0,0
,0,,0,6.359502438738845e-05,1,1,2018-07-01,25.24179414318462,7,99871.82670740927,8.752304804486682,28.11254159660757,3.1840161969162586,2018,123.89866744524194,195.50233,210.14190019831983,38.789319149150536,22.95613296502285,1.8435136932607523,42.81655158239785,187.3088196994624,744.0,0
,0,32.75000000000003,1,5.292095739253555e-05,1,1,2018-08-01,25.152024984872583,8,99967.69711861556,5.024248406868992,28.34582405500521,2.782589262448048,2018,123.69488573836024,198.9663293,211.8929502224731,38.30692051914113,23.24696862633064,1.845815251221774,42.238118981375,187.1936512997312,744.0,0
0.653,1,35.03000000000003,1,0.0002172404297069,1,1,2018-09-01,24.98749889797631,9,100537.37006293405,4.588856055628672,28.3179939693876,2.0347470871027484,2018,123.10630976733334,201.0401306,210.14097094870837,38.16711137320833,23.150287324070835,1.843201741161111,42.63109134141528,186.9342606270833,720.0,0
0.768,1,32.350000000000044,1,0.0001738795050868,1,1,2018-10-01,21.55745765521965,10,101052.0682123656,3.334434524867627,25.76770869429396,1.1283510015712932,2018,122.39369888213707,186.4955248,207.71105512107525,38.14477328915322,23.173966307504035,1.8449397093198925,43.40601477582661,186.2727321770161,744.0,0
0.682,1,29.93500000000003,1,0.0002351992761615,1,1,2018-11-01,17.57876209682894,11,101270.12401801214,0.1610440167489457,23.367315228780058,1.002154364945187,2018,123.85459871631944,193.4745448,209.35353483677773,38.943090897256944,23.20017834583472,1.8512527903125,42.83644799101528,187.26559549166663,720.0,0
0.612,1,25.97000000000004,1,0.0001849653277874,1,1,2018-12-01,13.29407635350384,12,101404.5177828881,1.0770504130200902,19.243325395481577,1.7261091817026613,2018,184.2152222216532,250.0,311.55482181263443,38.365734464194894,34.56132701697581,1.8398719492889783,42.45061978343683,236.18147862432792,744.0,0
0.793,1,26.39000000000003,1,0.0002043158704556,1,1,2019-01-01,11.940305184805313,1,101525.43138860886,0.0091994658652129,19.06687245112596,1.723158763470204,2019,193.2320427437365,250.0,323.29568761962366,39.581006886004026,35.427292390793006,1.8925655520766127,42.99830149189919,244.2831382547043,744.0,0
0.728,1,28.270000000000024,1,0.0002255387153528,1,1,2019-02-01,13.887624268304762,2,101341.40126836867,1.5142725831476562,21.522273363385864,1.4757237155548597,2019,193.1852911532738,250.0,322.1192693827381,38.79939342681696,35.40302172223214,1.879875334144345,42.79678589830208,244.12386984047615,672.0,0
0.765,1,31.62500000000003,1,0.0001882695811952,1,1,2019-03-01,16.985611626409764,3,101043.72371156754,1.5844405084675464,25.11923938464099,1.4149175929386428,2019,129.2671003866801,198.2041898,219.88668055157257,38.94237585663576,23.716801451518812,1.889024606954301,65.14195605096774,191.10881625295696,744.0,0
0.859,1,35.03000000000003,1,0.0001085070169128,1,1,2019-04-01,22.80694277021621,4,100758.39527452255,5.568128064930988,26.876729562547496,1.4472876308974263,2019,129.31309607594443,204.9808767,219.06128292695837,39.30753892911111,23.642335498777776,1.8597536589444448,64.58484801902777,191.2775094951389,720.0,0
1.008,1,32.58000000000004,1,7.782437874835423e-05,1,1,2019-05-01,25.358306257186428,5,100372.4758327033,8.28115234188171,29.33784668214861,2.5753527714329025,2019,129.75559958452956,197.7364975,219.63228940403224,39.32257668666129,23.334006636477152,1.899343887373656,64.33027648396505,191.51138462647847,744.0,0
1.167,1,30.510000000000048,1,8.199489097117618e-05,1,1,2019-06-01,25.813751856485965,6,100092.66794704864,11.057519629777229,28.739179166158124,2.33803660296358,2019,129.45336882145833,203.1748381,219.99068511969443,39.22096367561805,23.86815749747361,1.8786844209680555,64.70079021904166,191.2413422731944,720.0,0
,0,,0,5.840373903258592e-05,1,1,2019-07-01,25.60919586099601,7,100009.10063844088,8.826216800927693,28.465603990452337,3.154727556618078,2019,129.83002200408603,208.660089,221.4358948703764,38.92694610602823,23.732026159528225,1.8781959774180104,42.23846807763037,191.32270880846767,744.0,0
,0,33.13000000000005,1,5.046299737756549e-05,1,1,2019-08-01,25.428653212516565,8,100057.72397933468,7.81127227807473,28.50484988304885,2.5694069314446524,2019,129.6024880337769,204.2659577,220.0761690125403,39.44743950240591,23.424224872505377,1.8813510851612905,42.55347624497716,191.2941010971774,744.0,0
,0,33.01000000000002,1,0.0001484941626746,1,1,2019-09-01,24.934736802842902,9,100616.26972656247,6.662506910415189,27.85024513668492,2.07715724211158,2019,129.65217232941666,205.1029265,219.38592047618056,38.77917725931806,23.22820397043056,1.8822507297930555,42.70831279301389,191.22386861291665,720.0,0
0.578,1,31.970000000000027,1,0.0001228601029485,1,1,2019-10-01,23.181126674529025,10,101000.41300718246,5.664197680906044,26.16810938927449,1.1884161243163411,2019,129.41791630795697,208.392586,219.58730090752687,39.5719896295699,23.67325800713441,1.897294986380376,42.47704685842204,191.4061268517473,744.0,0
0.5680000000000001,1,30.205000000000027,1,0.000211634009685,1,1,2019-11-01,19.80329257117376,11,101158.28538953992,2.798436515428785,23.502815522087985,1.1281013597259222,2019,129.60577075031944,209.594458,219.98388541677775,39.928446754425,23.35491628390277,1.855448599855556,42.019864102068055,191.3651011301389,720.0,0
0.788,1,24.62000000000004,1,0.0001624703367121,1,1,2019-12-01,14.292769388998806,12,101512.17138671874,0.3250500480966652,19.00726319179745,1.5745809769403591,2019,193.16457423965053,250.0,322.69565832580645,39.257173880418016,35.20860420544355,1.8886109563978493,42.09379987020968,244.08783861290323,744.0,0
1.086,1,24.62333333333336,1,0.0002000628015099,1,1,2020-01-01,13.55068492684319,1,101440.69051369288,0.3068775991779843,18.007956933462538,1.3677237885896345,2020,201.1220499880376,250.0,333.37916980430106,39.65319914912634,35.96622644346775,1.898072084973118,42.828229794275536,251.4727973763441,744.0,0
0.998,1,28.430000000000035,1,0.0002122839245312,1,1,2020-02-01,12.72401100684857,2,101429.31303318066,0.3875263937778303,20.364950456290444,1.3377002341985649,2020,201.22968001149425,250.0,334.2847623501437,39.72553654788362,35.99957937840517,1.9047397684166665,42.66416525538506,251.57019803204025,696.0,0
0.674,1,34.49000000000004,1,0.0001887081418054,1,1,2020-03-01,16.718797753446836,3,101040.83258253532,1.0528313981945718,24.8639639659595,1.1812771153735375,2020,135.61531069094085,214.6378862,230.1623506984543,39.8521926847043,23.932386380147847,1.9021735308373653,65.30636448668011,195.6206629211021,744.0,0
0.725,1,36.49000000000001,1,4.746356101676113e-05,1,1,2020-04-01,21.634215905931285,4,100854.62605794266,9.039107873547536,26.91559458838566,1.3179817816724486,2020,136.41728195472223,218.0283875,230.72401677181944,40.1537306375625,23.69479413632361,1.9198785118319444,65.4654433800139,196.19810575319443,720.0,0
0.8150000000000001,1,35.24000000000004,1,7.687898831467223e-05,1,1,2020-05-01,24.47494856311431,5,100483.28051495296,8.841759085617166,27.709412429153247,1.919510741462905,2020,136.63724308524192,209.40263,231.7574443904032,40.20842799463306,24.0924150512715,1.9077036520537636,65.64704693995968,196.51487636774192,744.0,0
0.812,1,34.410000000000025,1,5.796039530830916e-05,1,1,2020-06-01,25.509302075704,6,100198.70723198784,12.465297561026862,27.979623582628,2.676559236417541,2020,136.12543412390278,211.8344549,231.4080471015972,39.843992045125,24.398440260425,1.9228929392666667,65.49759617961111,195.977099365,720.0,0
,0,,0,6.0659459429710045e-05,1,1,2020-07-01,25.618891078169668,7,100188.87302062332,10.941668452383237,28.132931789275176,2.791103251267686,2020,136.7849937772446,211.9220953,232.54678375706987,39.70050002380241,23.93805507152957,1.9186427231465053,42.39939042173521,196.4841464252688,744.0,0
0.685,1,33.83000000000004,1,5.563375395424084e-05,1,1,2020-08-01,25.421446162398126,8,100031.23145056285,8.215560171119446,28.22607502680961,2.977091559523784,2020,136.17503110844086,217.5227095,231.87195402237904,39.88706608932527,24.198719683616936,1.912332615248656,42.9714937985578,196.1453646271505,744.0,0
0.429,1,,0,9.384811851337504e-05,1,1,2020-09-01,25.468666394551576,9,100388.326969401,7.570265976205684,28.26559191809764,2.097707836506058,2020,135.77105941270833,215.5618319,231.39158571786112,39.36430837702501,24.351842487694444,1.9228575737916669,42.47339983676528,195.6605255243056,720.0,0
0.5670000000000001,1,31.810000000000045,1,0.0001948324088328,1,1,2020-10-01,24.73778797272724,10,100592.88692876342,6.770510964997926,27.55653148364001,1.174775045659046,2020,135.08425385102151,208.0600145,230.03574760754032,40.0213962758629,24.16982883970161,1.9063621398037636,42.9629452527043,195.2447497986559,744.0,0
0.532,1,30.463333333333367,1,0.0001987977059145,1,1,2020-11-01,17.855554835001612,11,101268.18178710938,0.436916136286906,23.08966181013318,1.438155360707528,2020,135.90188671315278,217.2728534,230.69256525819443,40.14959926390278,24.34617350917361,1.9116552847416663,42.280616711583335,195.8761963233333,720.0,0
1.037,1,26.09666666666671,1,0.0002598469965456,1,1,2020-12-01,13.955694883613203,12,101343.63137915828,0.0137584987302738,19.415397795810463,1.4110527717759345,2020,199.94020185034947,250.0,331.9487088879032,39.73502157705242,35.60346687700268,1.9181950416061828,42.38448333515322,250.39145411814516,744.0,0
1.261,1,24.02333333333337,1,0.0003655318229895,1,1,2021-01-01,12.940515731483345,1,101282.77977465556,0.1260604068585464,18.804074736564417,1.4307330922771946,2021,207.52974627271504,250.0,343.5462498907258,40.31140455608602,36.63322394885753,1.9501227237069891,43.24847157829301,257.64305095698927,744.0,0
0.993,1,29.65500000000003,1,0.0003068833200358,1,1,2021-02-01,13.426574507213845,2,101217.71927315848,0.0864680057604618,21.37849948973883,1.5868647888108378,2021,206.97461036190475,250.0,341.441079584375,40.74576416600298,36.63169217802084,1.9589702909687496,42.34841945905952,257.14020923407736,672.0,0
1.051,1,33.71000000000004,1,0.0003293637536605,1,1,2021-03-01,17.996604209817917,3,100872.37256384408,0.4189901320755771,26.84141034772324,1.1007801730832272,2021,142.9010760503629,219.3362322,243.03361998239245,40.58307095457393,24.423928519948923,1.938752115120968,64.28821048959678,201.1444249625,744.0,0
0.916,1,34.910000000000025,1,0.0001602176203862,1,1,2021-04-01,20.778495746188696,4,100716.9165690104,0.5783403625482464,29.60618862575956,1.6406713519138862,2021,142.33673954520833,221.5574688,241.857044684375,40.82526012610972,24.38784587655556,1.965760209598611,64.36848411269445,200.97288538222224,720.0,0
0.756,1,35.83666666666668,1,0.0001053613612779,1,1,2021-05-01,24.35404097444274,5,100447.85009240588,9.19535222802224,28.312774974043577,1.726004780750944,2021,142.3550180122984,228.527465,241.09106903274196,40.51466901878898,24.7677013894086,1.9525843415873656,65.02978648275537,201.01557370900537,744.0,0
,0,,0,7.152936913440607e-05,1,1,2021-06-01,25.25853608449308,6,100132.9151421441,15.446013042491677,27.438747554355245,2.810758369778705,2021,141.11718918295836,221.8206834,240.21447065486112,40.89550796061944,24.26562884564722,1.9662331808,65.34177308641667,199.94346951736108,720.0,0
,0,,0,5.387146453662057e-05,1,1,2021-07-01,25.387806172524733,7,100027.8428626932,9.446228445149758,28.107462368216545,2.627472553815226,2021,142.64048645400538,218.5943217,241.19606558495968,40.81895170239248,24.126633829166664,1.9574969912930107,42.33246535567877,201.11445324959675,744.0,0
,0,32.85000000000002,1,9.412803544306843e-05,1,1,2021-08-01,25.381397768246245,8,100277.89602234543,10.06652987806643,27.881353981264223,2.3739693503308974,2021,142.17990153149194,229.144216,241.85044499287636,41.1012384121828,24.475662515080646,1.955116918004032,42.14793201284409,200.6779939001344,744.0,0
0.467,1,33.55000000000001,1,9.714649438906892e-05,1,1,2021-09-01,25.008234214782703,9,100475.49420572916,6.487103283594327,27.98612867991148,1.58735763278416,2021,143.44883762183332,233.1469447,243.7699787914861,41.02607614251389,24.11318839392639,1.947026802456944,42.43230803435139,201.80737797277777,720.0,0
0.713,1,31.7566666666667,1,0.0001444523659085,1,1,2021-10-01,23.7554442580028,10,100734.55457724296,4.258513803360727,27.151595298192888,1.228468012594904,2021,142.84237629822582,216.0107036,242.7166411353629,40.54694773884812,24.33797215637903,1.952729318630376,42.47352643424059,201.3465122560484,744.0,0
0.586,1,30.01000000000004,1,0.0002708242383274,1,1,2021-11-01,16.88090218438043,11,101117.11551649304,0.2400027124994134,22.39577297634554,1.2971948880714008,2021,142.472320324,223.6714232,243.07764957618056,40.2005696137875,24.344238556706944,1.9432663061541664,42.475777308779165,201.06278372916665,720.0,0
0.764,1,24.63500000000004,1,0.0001947439613193,1,1,2021-12-01,14.833661118374152,12,101469.46678637432,3.8945001429361983,19.26386840164025,1.4611200805366098,2021,207.70285789287635,250.0,342.6116107864248,41.46300212830645,36.499684150873655,1.9554928376169356,42.798225749154575,257.8196113623656,744.0,0
1.137,1,23.920000000000016,1,0.0003645438719644,1,1,2022-01-01,13.306774352699222,1,101350.44930275535,0.5049159946012545,18.187328141735463,1.574065864567565,2022,213.41361545040323,250.0,351.9025277801076,41.76139756372177,37.52054254954301,1.9897304353198924,42.39102189182527,263.20929609758065,744.0,0
0.972,1,27.42500000000004,1,0.0003522201758989,1,1,2022-02-01,12.951171652476036,2,101222.14850725446,1.2988184201213773,19.08258209228518,1.4392856862193326,2022,213.4125707373512,250.0,351.9975459369048,41.5140966497619,37.1420791186756,1.9799148495104169,42.25730394070833,263.19547346934525,672.0,0
0.8,1,32.62500000000003,1,0.0003209856623118,1,1,2022-03-01,17.580584257392445,3,100787.9129651798,0.3957463334221337,26.44893115874254,2.038758405182727,2022,148.97211917755376,234.9674471,252.6124579517473,41.263777771572585,24.68656075070699,1.9937735865080644,64.55971746704301,206.07068492123656,744.0,0
1.014,1,32.79000000000002,1,0.000118526995562,1,1,2022-04-01,23.69684176974829,4,100587.493766276,4.288340049101199,28.742691739400243,2.6684206353394355,2022,149.08424581369445,249.4256133,254.96093581069445,41.51667520070556,24.85156524170833,1.9954317116666664,64.62224115247223,206.18279628458333,720.0,0
0.988,1,34.81000000000003,1,7.991323923615143e-05,1,1,2022-05-01,24.624734722670723,5,100267.53027868785,8.84691918572798,27.982696808025366,2.0590741942902424,2022,150.23925617719087,230.4087567,254.79196202768816,41.49238735604301,24.95789147516532,2.0087809383857524,65.27732995360215,206.8040944528226,744.0,0
,0,31.21000000000004,1,0.0001036668843548,1,1,2022-06-01,25.4427097744412,6,100155.3912434896,11.683522068528635,28.07179355621338,3.1220154431074585,2022,149.69280422108335,221.4195604,253.95983193347223,41.78371101583056,24.909815308402777,2.0049344623972223,65.11305949902777,206.45090728319445,720.0,0
0.384,1,,0,7.515842211980931e-05,1,1,2022-07-01,25.12434351110977,7,100180.20271547376,4.134404880874643,28.759811471098203,2.506702885616418,2022,148.01544885780913,229.4444637,252.51033323534944,41.66365738357527,24.742972495306454,2.006026503731183,42.06174991476748,205.2324078298387,744.0,0
,0,30.69000000000005,1,8.441270516091756e-05,1,1,2022-08-01,24.960814063779765,8,100183.29106812835,4.266455625819807,28.724731658607425,2.553445601996031,2022,29.645290685712364,223.5550856,47.253047753091394,27.18188107206989,7.694103310577957,275.2515093419919,41.999830154610216,73.33001223319444,1392.0,0
0.619,1,,0,0.0001225960062322,1,1,2022-09-01,25.24601794348825,9,100486.66221788197,10.106348995234407,27.943549876742964,1.6955422494493453,2022,26.8875,104.3,39.263333333333335,37.92555555555556,8.261805555555556,516.1430555555555,45.72361111111111,80.43611111111112,1440.0,0
0.425,1,31.120000000000005,1,0.0001921879231638,1,1,2022-10-01,22.69919121444866,10,100899.5043682796,5.288449152178513,26.32016962112914,1.3804574040738355,2022,43.73534946236559,132.7,62.76370967741936,50.00779569892473,12.904032258064516,728.9220430107526,50.608870967741936,114.98387096774194,1488.0,0
0.478,1,30.17500000000004,1,0.0002305980060639,1,1,2022-11-01,17.38210976918549,11,101134.1238172743,0.0153806026522336,23.102929306030376,1.484610200317144,2022,71.70583333333335,176.0,102.85680555555555,61.91430555555556,19.391944444444444,1000.9486111111112,59.26805555555555,154.82222222222222,1440.0,0
1.007,1,26.990000000000027,1,0.0003671541521103,1,1,2022-12-01,14.523008949525943,12,101225.48151356688,0.0399565961750399,20.21638321415071,1.3885935743046511,2022,83.35228494623655,231.0,119.71895161290324,62.52983870967742,15.807930107526882,1144.5282258064517,49.68682795698924,153.78091397849462,1488.0,0
1.469,1,24.75000000000003,1,0.000275217291937,1,1,2023-01-01,13.355588469966731,1,101430.93536311324,0.0085980762534402,18.9977948055473,1.5524562152844783,2023,109.95188172043012,290.6,158.11827956989248,68.92970430107526,19.79663978494624,1321.7849462365589,48.607526881720425,181.4744623655914,1488.0,0
1.257,1,28.86000000000004,1,0.0002774998242084,1,1,2023-02-01,14.573437513623958,2,101203.10215541294,0.0884368579654142,22.13269057046796,1.3847425302411802,2023,72.60074404761905,166.2,105.6407738095238,60.98779761904762,17.73705357142857,947.4434523809524,65.00892857142857,154.53125,1344.0,0
0.898,1,33.08000000000004,1,0.0003591034941765,1,1,2023-03-01,18.358526627735444,3,101077.50574386762,3.050910059459645,25.00208152032673,1.1750614066281264,2023,62.22043010752688,165.8,90.23077956989248,60.17567204301075,15.148252688172043,920.6021505376344,63.497311827956985,143.247311827957,1488.0,0
0.804,1,36.64333333333337,1,0.0001577725343248,1,1,2023-04-01,20.80799859364828,4,100651.775390625,1.287563953525369,28.796199883354973,1.34379882082801,2023,54.775,117.1,79.76527777777778,54.09513888888889,15.153055555555556,770.8444444444444,85.64166666666667,139.25277777777777,1440.0,0
0.8150000000000001,1,34.660000000000025,1,0.0001407116994587,1,1,2023-05-01,23.121749147804906,5,100506.60538999496,8.544287658187542,28.97419351967432,1.7013494639617408,2023,42.90376344086022,131.8,63.57083333333333,45.66989247311828,11.059005376344086,610.7029569892474,72.41532258064517,113.14516129032258,1488.0,0
0.982,1,35.21000000000004,1,0.0001250001179377,1,1,2023-06-01,25.99250286950013,6,100082.82597656253,7.370657461825184,29.44460771348747,3.0432891757052927,2023,27.534444444444443,91.5,41.43125,27.58583333333333,5.9319444444444445,332.60277777777776,66.8861111111111,83.93611111111112,1440.0,0
0.378,1,,0,5.555883784541119e-05,1,1,2023-07-01,25.66673501127508,7,100171.67757686492,6.663604971872553,29.0194858715098,2.8606920731613443,2023,11.79986559139785,66.1,17.695967741935487,12.074327956989247,5.861155913978495,191.91397849462365,51.38709677419355,44.483870967741936,1488.0,0
1.154,1,32.150000000000034,1,0.0001013907519831,1,1,2023-08-01,25.80583571157144,8,100124.8581779234,12.46111365587605,28.356118056594653,2.3596780618403512,2023,31.81693548387097,138.8,53.6106182795699,19.154032258064515,10.774865591397848,314.89112903225805,68.79032258064517,89.54569892473118,1488.0,0
0.544,1,,0,8.002014585370567e-05,1,1,2023-09-01,25.730095481872524,9,100346.72142469618,7.56688180251596,28.68722262912325,1.974555810911932,2023,23.825277777777774,113.6,35.77930555555555,21.20833333333333,9.35763888888889,325.58888888888885,64.78888888888888,77.59027777777779,1440.0,0
0.782,1,32.663333333333355,1,0.000158739813687,1,1,2023-10-01,22.906691651703227,10,100918.47189495128,5.523589965473859,26.60115757603802,1.4989416841401126,2023,51.357661290322575,139.7,79.36841397849462,35.01639784946237,13.399193548387096,596.0483870967741,83.6478494623656,124.0537634408602,1488.0,0
0.663,1,29.860000000000028,1,0.0001664872415945,1,1,2023-11-01,18.71563595665833,11,101260.50040147571,2.962918481373104,24.11011884477409,1.3410177417910771,2023,57.39666666666667,128.5,83.58583333333333,48.07430555555555,15.43888888888889,773.436111111111,65.04305555555555,137.90972222222223,1440.0,0
0.915,1,24.2966666666667,1,0.0002069603691967,1,1,2023-12-01,16.113559813140512,12,101393.50054603496,1.9781454773267584,20.276510944161487,1.3966146336811047,2023,57.553763440860216,143.9,84.38978494623656,41.5986559139785,15.691129032258065,769.505376344086,53.04838709677419,137.66532258064515,1488.0,0
1.479,1,21.88000000000004,1,0.0002313701020349,1,1,2024-01-01,13.162170028686605,1,101509.97900390624,0.0400411769769864,17.849586330947034,1.472342900435905,2024,76.36478494623655,151.8,114.3005376344086,37.4891129032258,14.659139784946236,826.5940860215054,63.79704301075269,158.73655913978493,1488.0,0
1.149,1,27.575000000000045,1,0.0001920681705325,1,1,2024-02-01,14.79652373215248,2,101408.61485834232,0.7053714037356758,21.36686973133305,1.4889026535810932,2024,70.44224137931035,146.7,109.11839080459772,33.65186781609196,14.927586206896551,685.1681034482758,77.7830459770115,154.6566091954023,1392.0,0
0.793,1,31.71000000000004,1,0.0001772366458171,1,1,2024-03-01,18.071372891497845,3,101078.61285072243,2.375124337014256,24.783052021970093,1.2933967094186178,2024,56.47809139784946,139.7,87.60564516129033,31.41491935483871,14.058333333333332,580.6317204301075,87.55645161290323,141.17876344086022,1488.0,0
0.918,1,34.430000000000035,1,9.031215379281384e-05,1,1,2024-04-01,22.575228267245848,4,100454.3260796441,0.4813563182828773,30.7330044852364,2.2571226223576044,2024,46.06513888888889,107.8,74.68833333333333,19.65888888888889,11.809027777777777,440.1555555555555,102.75138888888888,125.09583333333332,1440.0,0
0.961,1,34.71000000000004,1,9.646423175063622e-05,1,1,2024-05-01,24.848241424560623,5,100290.05185231856,12.72402732053104,29.6467858878516,2.131013365920809,2024,32.792473118279574,86.8,51.66599462365591,21.25766129032258,10.703225806451613,337.22311827956986,77.68817204301075,99.01344086021508,1488.0,0
1.66,1,,0,7.767487255501324e-05,1,1,2024-06-01,26.571533563401943,6,100039.11295030382,6.984448588728872,29.750465393066406,3.0548882896373333,2024,25.53069444444445,93.4,42.62152777777778,12.825555555555557,7.144027777777778,244.09444444444443,69.98611111111111,79.64444444444445,1440.0,0
0.671,1,,0,5.2169085088682887e-05,1,1,2024-07-01,25.70328760454732,7,99871.55051348289,5.996087878946855,28.69700883844854,3.097746105810606,2024,12.503629032258065,40.4,18.698521505376345,12.879973118279567,6.999193548387097,207.86827956989245,55.16935483870968,48.4771505376344,1488.0,0
,0,,0,5.3088374203786105e-05,1,1,2024-08-01,25.23472194056353,8,100259.74932270666,12.9675532626332,27.49314530485429,2.85966092425303,2024,14.133064516129032,41.4,20.920295698924733,15.724059139784949,7.94744623655914,240.26612903225808,50.55376344086021,53.28763440860215,1488.0,0
0.534,1,34.09000000000003,1,9.616886873113036e-05,1,1,2024-09-01,25.77596626281735,9,100280.16980251735,10.350687586628029,28.74086280398893,2.0323236225305,2024,26.326666666666664,116.2,38.72180555555556,23.99361111111111,10.587777777777776,368.5777777777778,68.375,80.61944444444445,1440.0,0
1.241,1,30.72333333333336,1,0.000176346085866,1,1,2024-10-01,24.256200244862555,10,100808.73528330815,9.09243392221202,26.899883996286803,1.0634492630850234,2024,50.82741935483871,142.5,75.9241935483871,34.66532258064516,15.716397849462364,617.0524193548387,74.3978494623656,123.54032258064515,1488.0,0
0.653,1,28.376666666666683,1,0.0001701956890585,1,1,2024-11-01,18.15430367787684,11,101164.84686957469,0.161046239659394,23.64430563184959,1.2578505937653597,2024,74.85333333333332,187.2,87.93888888888888,43.13458333333333,20.366111111111117,956.6722222222222,84.41111111111111,153.39583333333334,1440.0,0
0.854,1,24.32000000000004,1,0.0001947634792984,1,1,2024-12-01,13.498103837044027,12,101316.96400894655,0.0182116091792062,19.51930627310145,1.5832547982471783,2024,86.70725806451614,206.8,88.40403225806452,40.89059139784946,21.814381720430102,879.8736559139785,73.05510752688173,162.7231182795699,1488.0,0
1.252,1,23.70500000000004,1,0.0002280860360579,1,1,2025-01-01,14.013646205779082,1,101322.3326140373,0.0946572690925598,19.156473085957145,1.3999815663724182,2025,108.38951612903226,252.4,110.51424731182796,42.732661290322575,20.96115591397849,876.8225806451613,75.72177419354838,179.66666666666666,1488.0,0
1.391,1,27.12500000000003,1,0.000278014676587,1,1,2025-02-01,15.158035328274764,2,101226.61685035344,0.1918828639020375,22.14461281640189,1.07867932700125,2025,99.74866071428572,248.7,107.14017857142856,44.12455357142857,21.291815476190475,744.8556547619047,83.45684523809523,173.1875,1344.0,0
0.974,1,31.88000000000004,1,0.0001620979663822,1,1,2025-03-01,17.925837248115215,3,100875.86396379369,0.3270419117217583,26.69705049248148,1.7307714389479707,2025,55.55403225806452,151.3,69.30067204301075,24.93293010752688,16.80739247311828,525.0645161290323,102.30510752688171,142.09543010752688,1488.0,0
1.068,1,30.76333333333336,1,9.059752945549216e-05,1,1,2025-04-01,22.72173610263405,4,100703.85913085938,5.380842037273699,28.364861318800195,1.9043282395908392,2025,37.99486111111111,117.3,44.92194444444444,17.311249999999998,13.272083333333336,390.93194444444447,92.75555555555556,111.37361111111112,1440.0,0
1.141,1,34.10000000000005,1,8.000074721001805e-05,1,1,2025-05-01,24.79076782144529,5,100296.26294732864,10.083619810068573,28.635237794281352,1.888626041060265,2025,31.378091397849463,84.3,36.586155913978494,18.48924731182796,13.62983870967742,394.97311827956986,84.56720430107526,98.97177419354838,1488.0,0
0.8300000000000001,1,,0,5.171780938244032e-05,1,1,2025-06-01,25.45616503821475,6,100017.40889214411,10.871648761396932,28.28915127648247,2.7170534822761403,2025,25.62972222222222,115.5,29.178611111111117,16.347638888888888,11.693888888888887,322.8444444444445,72.56666666666666,79.85,1440.0,0
,0,,0,5.795029820966247e-05,1,1,2025-07-01,25.39978579859576,7,99880.61762852824,14.679657573475492,27.82205955751482,2.956390457258184,2025,18.919758064516127,99.4,20.977956989247318,15.73239247311828,10.702956989247312,300.4986559139785,58.236559139784944,64.0497311827957,1488.0,0
,0,32.55000000000001,1,5.497398850839414e-05,1,1,2025-08-01,25.135021525557363,8,100315.66378948254,10.466414860396933,27.81115350210541,2.5560260881328483,2025,19.163037634408603,61.2,21.270833333333336,16.47204301075269,11.243817204301076,291.31586021505376,51.79301075268817,63.43010752688172,1488.0,0
0.329,1,31.390000000000043,1,8.24910532349324e-05,1,1,2025-09-01,25.46800571017809,9,100410.31535373264,7.073144010112979,28.46827752855092,1.6463934499457666,2025,26.80013888888889,115.9,28.15486111111111,24.200972222222223,14.375555555555556,369.2458333333333,58.75694444444444,82.84305555555555,1440.0,0
0.508,1,31.383333333333365,1,0.0001281073570689,1,1,2025-10-01,23.66372675331695,10,100865.87542002687,4.49930108777046,27.255182356475416,1.1647960643737525,2025,48.421505376344086,162.5,49.16451612903226,37.72002688172044,17.906586021505376,615.616935483871,72.70161290322581,121.4260752688172,1488.0,0
0.517,1,27.64000000000003,1,0.0001536530122619,1,1,2025-11-01,17.225989829169293,11,101163.84568684892,0.2676185772441404,23.52900541093618,1.557488434524677,2025,58.8733695652174,140.6,61.01105072463768,33.770108695652176,17.09565217391304,692.1974637681159,83.29891304347827,138.28623188405797,1104.0,0
0.597,1,23.903333333333364,1,0.0001853847945572,1,1,2025-12-01,13.825637647840722,12,101362.29586046009,0.0046121659143712,19.846963861253528,1.6535142157568503,2025,58.8733695652174,140.6,61.01105072463768,33.770108695652176,17.09565217391304,692.1974637681159,83.29891304347827,138.28623188405797,1104.0,1
