date,pm25_mean,AOD,LST_C,NO2,temperature_anomaly,rainfall_anomaly,wind_anomaly,temperature,dewpoint,rainfall_mm,pressure,wind_speed,month_sin,month_cos,winter_flag,monsoon_flag,PM25_lag_1,PM25_lag_3,PM25_lag_6,PM25_lag_12
2000-01-01,52.32325478588172,,,,0.0015522560074927,0.1202244505035775,-0.0804167627615812,18.500795639202124,12.502736725345756,0.3207467875073361,101290.96218182964,1.490234182147463,0.4999999999999999,0.8660254037844387,1,0,,,,
2000-02-01,53.98201920340086,0.539,27.37000000000004,,-1.8169839220756248,0.1607105304494035,-0.1869155988261135,19.728269151709583,12.319067387197263,0.7133510345997349,101172.486328125,1.2695908612090865,0.8660254037844386,0.5000000000000001,1,0,52.32325478588172,,,
2000-03-01,35.72191548034677,0.622,31.44500000000002,,-1.3629580908713097,0.2506822891817333,-0.0545773953263353,24.42421130518761,17.527532114008466,2.002819960160589,100820.58222551244,1.492279984217198,1.0,6.123233995736766e-17,0,0,53.98201920340086,,,
2000-04-01,35.437447347866666,0.58,31.20000000000003,,-0.3094840791490441,3.958479002301205,0.275553339833201,27.63182612525094,23.09730489518916,9.351074843057816,100425.26116536456,2.2786072285498493,0.8660254037844387,-0.4999999999999998,0,0,35.72191548034677,52.32325478588172,,
2000-05-01,35.33598715563172,0.8180000000000001,31.950000000000017,,-0.3899577805776744,5.605020571458432,-0.031848323878973,27.843337508170865,24.986408857119898,16.06662882402031,100222.58610551077,2.015601418266978,0.4999999999999999,-0.8660254037844387,0,0,35.437447347866666,53.98201920340086,,
2000-06-01,34.215615855495834,0.923,29.696666666666697,,-0.259799820337605,-1.8497973935832004,-0.0866977928479642,27.954416063096744,25.27108493381087,10.402533337087169,100028.81087239584,2.692149230488932,1.2246467991473532e-16,-1.0,0,1,35.33598715563172,35.72191548034677,,
2000-07-01,35.19208448654973,,30.870000000000005,,-0.135830234751598,-2.6993175589815,0.1262289558424618,27.74797395275488,24.730859826200746,7.656075098991197,99931.63563193045,3.167451178170751,-0.4999999999999997,-0.8660254037844388,0,1,34.215615855495834,35.437447347866666,52.32325478588172,
2000-08-01,34.36803884254839,0.653,,,-0.2596383745557595,-1.410309262843053,-0.052647846440307,27.62336200591062,25.130731857463843,7.6385280828622895,100092.48394447246,2.6119946790546664,-0.8660254037844384,-0.5000000000000004,0,1,35.19208448654973,35.33598715563172,53.98201920340086,
2000-09-01,34.99881045348333,0.684,28.443333333333367,,-0.8847179535107799,-0.1805372801174947,-0.072828184713227,26.834353065490745,24.373424890306296,8.663803120713471,100429.09123263888,1.8799855817556288,-1.0,-1.8369701987210294e-16,0,1,34.36803884254839,34.215615855495834,35.72191548034677,
2000-10-01,34.76892842579436,0.662,31.67000000000003,,-0.0656888234507206,0.8330621292601217,-0.16641243255166,26.303476423858285,23.498988723754906,6.123393356528683,100684.00505607355,1.0343536810554723,-0.8660254037844386,0.5000000000000001,0,0,34.99881045348333,35.19208448654973,35.437447347866666,
2000-11-01,35.693612659933336,0.531,28.683333333333376,,-0.140119971576901,-0.693638971084094,-0.2607469945030557,23.015331586202024,17.97464410993797,0.0783629393115603,101150.64045138888,0.9871616360762502,-0.5000000000000004,0.8660254037844384,0,0,34.76892842579436,34.36803884254839,35.33598715563172,
2000-12-01,53.07550790413306,0.408,26.235000000000014,,-0.7277508598929145,-0.5464179660207931,-0.0816175144059438,19.00827560424807,12.419385590091792,0.0010192594829512,101294.99760584676,1.3124144533914206,-2.4492935982947064e-16,1.0,1,0,35.693612659933336,34.99881045348333,34.215615855495834,
2001-01-01,57.83112598097984,0.6900000000000001,24.080000000000027,,-0.7092531652269045,-0.190139887837894,0.2235259162905059,17.789990217967727,10.064326838011368,0.0103824491658645,101222.3753832745,1.79417686119955,0.4999999999999999,0.8660254037844387,1,0,53.07550790413306,34.76892842579436,35.19208448654973,52.32325478588172
2001-02-01,57.4656602597634,0.774,27.505000000000024,,0.1722663275834826,0.1311259788880302,-0.1119333372469895,21.71751940136869,14.03986474900023,0.6837664830383616,101011.24769810264,1.3445731227882105,0.8660254037844386,0.5000000000000001,1,0,57.83112598097984,35.693612659933336,34.36803884254839,53.98201920340086
2001-03-01,38.03005439738576,0.459,32.87000000000003,,-0.1537332668888815,0.0321152999146252,-0.2280971587645848,25.63343612917004,16.31812490237661,1.784252970893481,100844.9176064768,1.3187602207789486,1.0,6.123233995736766e-17,0,0,57.4656602597634,53.07550790413306,34.99881045348333,35.72191548034677
2001-04-01,39.21598816977361,0.5760000000000001,33.97000000000003,,0.2756543901231367,-1.8679732832145657,-0.0235178599326635,28.21696459452312,22.082222345140224,3.5246225575420453,100615.67834743924,1.9795360287839847,0.8660254037844387,-0.4999999999999998,0,0,38.03005439738576,57.83112598097984,34.76892842579436,35.437447347866666
2001-05-01,38.8079910488965,0.626,32.145000000000024,,-1.514876769533661,7.125746163882301,-0.3076046609388196,26.71841851921488,24.22924657842168,17.587354416444178,100209.0937079973,1.7398450812071315,0.4999999999999999,-0.8660254037844387,0,0,39.21598816977361,57.4656602597634,35.693612659933336,35.33598715563172
2001-06-01,38.80912203679861,,23.750000000000057,,-1.4095554253993328,4.564863252689488,0.3062811876948439,26.804660458035016,24.703567420111824,16.817193983359857,99918.73812391494,3.08512821103174,1.2246467991473532e-16,-1.0,0,1,38.8079910488965,38.03005439738576,53.07550790413306,34.215615855495834
2001-07-01,39.77242101252957,,,,-0.3505624356202972,-1.6799497792536702,0.3395837297905579,27.53324175188618,24.77059348731916,8.675442878719027,99973.62978305612,3.380805952118847,-0.4999999999999997,-0.8660254037844388,0,1,38.80912203679861,39.21598816977361,57.83112598097984,35.19208448654973
2001-08-01,38.84863985335215,,30.470000000000027,,0.1703548549718512,-2.873780174990824,-0.0300796418319504,28.053355235438232,24.98566976977929,6.175057170714519,100111.52089633736,2.634562883663023,-0.8660254037844384,-0.5000000000000004,0,1,39.77242101252957,38.8079910488965,57.4656602597634,34.36803884254839
2001-09-01,39.083380127575,0.589,32.85000000000002,,-0.3526498492966325,-1.7626453001606874,-0.261324062268085,27.366421169704893,24.828175269232872,7.081695100670278,100483.9551812066,1.6914897042007708,-1.0,-1.8369701987210294e-16,0,1,38.84863985335215,38.80912203679861,38.03005439738576,34.99881045348333
2001-10-01,38.95579182110753,0.298,32.150000000000034,,-0.1976821479765256,2.8217523978545422,-0.0356969320304267,26.17148309933248,23.59574039828391,8.112083625123104,100839.1493510585,1.1650691815767056,-0.8660254037844386,0.5000000000000001,0,0,39.083380127575,39.77242101252957,39.21598816977361,34.76892842579436
2001-11-01,39.02399415714167,0.552,28.88500000000004,,-0.0772154441246542,0.0890972190591836,-0.2505047923046155,23.07823611365427,19.54353317684604,0.8610991294548379,101260.28566080728,0.9974038382746904,-0.5000000000000004,0.8660254037844384,0,0,38.95579182110753,38.84863985335215,38.8079910488965,35.693612659933336
2001-12-01,58.7807289056801,0.536,24.94000000000004,,-0.8476545679099488,-0.5463047401930544,0.1041520606099022,18.888371896231035,13.3108505208005,0.0011324853106899,101532.40612399192,1.4981840284072667,-2.4492935982947064e-16,1.0,1,0,39.02399415714167,39.083380127575,38.80912203679861,53.07550790413306
2002-01-01,63.82814167225806,0.59,24.860000000000028,,0.5545385035727293,0.22068617943101,-0.2291541098618985,19.05378188676736,12.631707209925594,0.4212085164347686,101409.63343729,1.3414968350471457,0.4999999999999999,0.8660254037844387,1,0,58.7807289056801,38.95579182110753,39.77242101252957,57.83112598097984
2002-02-01,63.31578755350596,0.539,28.69500000000004,,0.3858362638816821,-0.4237332181788988,0.2589710760578416,21.93108933766689,13.061144742511544,0.1289072859714325,101385.4051106771,1.7154775360930417,0.8660254037844386,0.5000000000000001,1,0,63.82814167225806,39.02399415714167,38.84863985335215,57.4656602597634
2002-03-01,42.92304035930107,0.534,30.12333333333337,,-0.3380943042764173,0.6152992652694962,-0.3031706208200433,25.449075091782504,17.126953810004863,2.367436936248352,100902.79794081816,1.24368675872349,1.0,6.123233995736766e-17,0,0,63.31578755350596,58.7807289056801,39.083380127575,38.03005439738576
2002-04-01,42.3590288618875,0.63,30.340000000000032,,-1.5028611712985338,0.9662001976783774,-0.0510257982453361,26.43844903310145,22.932092814975363,6.358796038434988,100631.9636827257,1.952028090471312,0.8660254037844387,-0.4999999999999998,0,0,42.92304035930107,63.82814167225806,38.95579182110753,39.21598816977361
2002-05-01,42.32409879951613,0.917,29.63000000000004,,-1.5364277581719,4.421523874250839,0.081471959861116,26.69686753057664,24.17720436588411,14.883132126812717,100172.7844002016,2.128921702007067,0.4999999999999999,-0.8660254037844387,0,0,42.3590288618875,63.31578755350596,39.02399415714167,38.8079910488965
2002-06-01,42.8960897864625,0.994,32.52000000000001,,-1.2030817569830674,4.3252749133992445,-0.1699953185723841,27.01113412645128,25.06959849463567,16.577605644069614,100069.11633572052,2.608851704764512,1.2246467991473532e-16,-1.0,0,1,42.32409879951613,42.92304035930107,58.7807289056801,38.80912203679861
2002-07-01,41.56879645799194,,,,-0.2590418185351346,5.455235500625916,-0.4045181391881289,27.624762368971343,25.70982236554545,15.810628158598613,99919.7227140037,2.63670408314016,-0.4999999999999997,-0.8660254037844388,0,1,42.8960897864625,42.3590288618875,63.82814167225806,39.77242101252957
2002-08-01,42.187026678631725,0.318,33.63000000000005,,-0.5915612543388811,0.0787795946401939,-0.0824083895341809,27.2914391261275,24.82363709890717,9.127616940345536,100124.99931220598,2.5822341359607925,-0.8660254037844384,-0.5000000000000004,0,1,41.56879645799194,42.32409879951613,63.31578755350596,38.84863985335215
2002-09-01,42.39126051868472,0.543,32.00333333333335,,-0.3873364252922044,0.1603723173511788,-0.011725803414335,27.33173459370932,24.63010715908473,9.004712718182144,100544.85354275172,1.9410879630545208,-1.0,-1.8369701987210294e-16,0,1,42.187026678631725,42.8960897864625,42.92304035930107,39.083380127575
2002-10-01,41.863381938465054,0.508,31.450000000000045,,-0.7600877854921393,-2.3584017858043724,-0.1944072600965329,25.609077461816867,22.22154730930117,2.931929441464189,100925.52752226144,1.0063588535105994,-0.8660254037844386,0.5000000000000001,0,0,42.39126051868472,41.56879645799194,42.3590288618875,38.95579182110753
2002-11-01,42.4259077977125,0.313,28.215000000000032,,-0.3705360787545935,2.75557398204605,0.0597643499039792,22.78491547902433,18.79496267106805,3.527575892441704,101138.64759657116,1.3076729804832852,-0.5000000000000004,0.8660254037844384,0,0,41.863381938465054,42.187026678631725,42.32409879951613,39.02399415714167
2002-12-01,64.54142190973118,0.579,25.335000000000026,,0.1445888399650883,-0.5217245889737433,-0.0740173266926933,19.880615304106072,14.264225506526143,0.025712636530001,101365.4680097026,1.3200146411046711,-2.4492935982947064e-16,1.0,1,0,42.4259077977125,42.39126051868472,42.8960897864625,58.7807289056801
2003-01-01,70.006926998293,0.711,23.31000000000002,,-1.218454174013324,-0.1514838729408545,0.1787968024806561,17.280789209181307,11.66195591342057,0.049038464062904,101524.77028204806,1.7494477473897003,0.4999999999999999,0.8660254037844387,1,0,64.54142190973118,41.863381938465054,41.56879645799194,63.82814167225806
2003-02-01,68.6432327285253,0.654,28.685000000000016,,0.2052096898648834,-0.250302256994118,-0.0789829141807469,21.75046276365009,14.685079874311157,0.3023382471562134,101282.80854724695,1.377523545854453,0.8660254037844386,0.5000000000000001,1,0,70.006926998293,42.4259077977125,42.187026678631725,63.31578755350596
2003-03-01,45.99039012279839,0.513,30.48000000000001,,-1.572708399656797,1.964209839252232,-0.3909516062833169,24.214460996402124,17.191249671033688,3.716347510231088,100998.8158077117,1.1559057732602165,1.0,6.123233995736766e-17,0,0,68.6432327285253,64.54142190973118,42.39126051868472,42.92304035930107
2003-04-01,45.40570398487083,0.671,30.963333333333367,,-0.4683625751071432,-0.6351138703561583,-0.2841499049946543,27.47294762929284,23.49697308010525,4.757481970400453,100650.49337565109,1.718903983721994,0.8660254037844387,-0.4999999999999998,0,0,45.99039012279839,70.006926998293,41.863381938465054,42.3590288618875
2003-05-01,46.606498512516126,0.892,31.130000000000035,,0.2811799779029194,-3.868539675647236,0.1970250898799217,28.51447526665146,24.79740931193038,6.593068576914641,100278.5594390541,2.244474832025873,0.4999999999999999,-0.8660254037844387,0,0,45.40570398487083,68.6432327285253,42.4259077977125,42.32409879951613
2003-06-01,47.011090561618055,1.105,27.36000000000004,,-0.9128776240552838,8.572281317244673,0.1895443168952013,27.301338259379065,25.22927000257704,20.824612047915043,99895.05362955728,2.9683913402320976,1.2246467991473532e-16,-1.0,0,1,46.606498512516126,45.99039012279839,64.54142190973118,42.8960897864625
2003-07-01,46.39800792968549,0.351,27.940000000000023,,-0.1351833564373734,-2.2497649102353634,0.2219178208214898,27.748620831069104,25.01706425656556,8.105627747737334,100161.30488701278,3.263140043149779,-0.4999999999999997,-0.8660254037844388,0,1,47.011090561618055,45.40570398487083,70.006926998293,41.56879645799194
2003-08-01,45.34731040805107,0.49,33.160000000000025,,0.1819437822100198,-2.769661984932097,0.2070996874193995,28.0649441626764,25.075019967684284,6.2791753607732455,100164.70278372816,2.871742212914373,-0.8660254037844384,-0.5000000000000004,0,1,46.39800792968549,46.606498512516126,68.6432327285253,42.187026678631725
2003-09-01,46.09426474153194,0.487,,,-0.3511551237514609,-1.8591833495366807,0.0847185110676771,27.367915895250064,24.806506941053613,6.985157051294284,100439.23254665798,2.037532277536533,-1.0,-1.8369701987210294e-16,0,1,45.34731040805107,47.011090561618055,45.99039012279839,42.39126051868472
2003-10-01,47.1159439659758,0.489,31.04333333333337,,0.301687216936223,-0.1822086604843074,-0.0685560161868479,26.67085246424523,23.805558243618293,5.108122566784254,100918.10984227993,1.1322100974202844,-0.8660254037844386,0.5000000000000001,0,0,46.09426474153194,46.39800792968549,45.40570398487083,41.863381938465054
2003-11-01,45.774164352825,0.49,29.32000000000004,,-0.3282052521012204,-0.7698184309391538,0.0550048876369233,22.827246305677704,16.532096015082516,0.0021834794565004,101267.57857530384,1.3029135182162292,-0.5000000000000004,0.8660254037844384,0,0,47.1159439659758,45.34731040805107,46.606498512516126,42.4259077977125
2003-12-01,68.80893477597043,0.433,25.79500000000003,,-0.184473632142545,0.4333765030223963,0.0428948360794136,19.55155283199844,13.77666072230187,0.9808137285261406,101457.93390351984,1.4369268038767782,-2.4492935982947064e-16,1.0,1,0,45.774164352825,46.09426474153194,47.011090561618055,64.54142190973118
2004-01-01,74.64061654518817,0.6950000000000001,23.43500000000003,,-0.2334481697618926,-0.1324565349697219,-0.0518445939709653,18.26579521343274,12.516254146124822,0.0680658020340366,101380.71469149028,1.518806350938079,0.4999999999999999,0.8660254037844387,1,0,68.80893477597043,47.1159439659758,46.39800792968549,70.006926998293
2004-02-01,75.95529775229885,0.727,28.75000000000003,,-0.170839515526783,-0.5249017484546881,0.0017989442540879,21.374413558258425,12.297512111444632,0.0277387556956433,101194.03550983296,1.458305404289288,0.8660254037844386,0.5000000000000001,1,0,74.64061654518817,45.774164352825,45.34731040805107,68.6432327285253
2004-03-01,50.169078793251344,0.532,31.87500000000003,,1.0839721484062963,-1.357855926315065,0.7816607534284274,26.871141544465218,18.19218314386188,0.394281744663791,100790.3690093666,2.328518132971961,1.0,6.123233995736766e-17,0,0,75.95529775229885,68.80893477597043,46.09426474153194,45.99039012279839
2004-04-01,49.34834882265972,0.704,32.10500000000002,,-1.69788667890764,4.805223532408999,0.2445760140024355,26.243423525492343,23.35878789689804,10.19781937316561,100561.81882595486,2.247629902719084,0.8660254037844387,-0.4999999999999998,0,0,50.169078793251344,74.64061654518817,47.1159439659758,45.40570398487083
2004-05-01,50.3518793857043,0.6890000000000001,30.77000000000004,,0.6922942091355786,-2.5447989204759853,0.4357844838729883,28.92558949788412,24.935377662412577,7.916809332085892,100173.81736181116,2.4832342260189395,0.4999999999999999,-0.8660254037844387,0,0,49.34834882265972,75.95529775229885,45.774164352825,46.606498512516126
2004-06-01,50.93102335614444,0.838,33.370000000000005,,-0.5642032101622476,6.36687770753036,-0.5063906864817174,27.6500126732721,25.282543161180342,18.61920843820073,100074.25193684896,2.272456336855179,1.2246467991473532e-16,-1.0,0,1,50.3518793857043,50.169078793251344,68.80893477597043,47.011090561618055
2004-07-01,51.64168142161962,,,,-0.735399842558131,3.900443987276677,0.1314641391161082,27.148404344948347,24.82805732809089,14.255836645249374,100099.52636193715,3.172686361444397,-0.4999999999999997,-0.8660254037844388,0,1,50.93102335614444,49.34834882265972,74.64061654518817,46.39800792968549
2004-08-01,50.93426852113172,,,,-0.2607175852268533,-1.1759646327361315,0.4815558631869612,27.622282795239528,24.83610063778451,7.872872712969211,100039.15424962198,3.1461983886819347,-0.8660254037844384,-0.5000000000000004,0,1,51.64168142161962,50.3518793857043,75.95529775229885,45.34731040805107
2004-09-01,50.59992571015834,,,,-0.8984143909226319,11.054104365005283,0.5138241179279563,26.820656628078893,24.476248190138165,19.89844476583625,100540.54661458332,2.466637884396812,-1.0,-1.8369701987210294e-16,0,1,50.93426852113172,50.93102335614444,50.169078793251344,46.09426474153194
2004-10-01,50.63382388846505,0.474,31.05000000000004,,-0.7950275001494944,-0.9016511825229552,0.28993506504897,25.57413774715951,21.82794163611635,4.388680044745606,101094.87180254533,1.4907011786561024,-0.8660254037844386,0.5000000000000001,0,0,50.59992571015834,51.64168142161962,49.34834882265972,47.1159439659758
2004-11-01,50.67765348629028,0.5690000000000001,28.13666666666669,,-0.1088531233306859,-0.7413962359157913,-0.1617944971351874,23.04659843444824,16.239427036709287,0.0306056744798629,101291.04937065972,1.0861141334441184,-0.5000000000000004,0.8660254037844384,0,0,50.63382388846505,50.93426852113172,50.3518793857043,45.774164352825
2004-12-01,75.80674477475134,0.507,26.095000000000027,,0.9705810550293066,-0.4910122018420824,-0.1821437946747488,20.70660751917029,14.08564707848342,0.0564250236616619,101370.30191532258,1.2118881731226157,-2.4492935982947064e-16,1.0,1,0,50.67765348629028,50.59992571015834,50.93102335614444,68.80893477597043
2005-01-01,82.54462197774193,0.725,24.28000000000003,,0.4041160894288573,0.0168482526055829,0.1348752716924486,18.90335947262349,12.390948006414646,0.2173705896093415,101350.71618783603,1.7055262166014928,0.4999999999999999,0.8660254037844387,1,0,75.80674477475134,50.63382388846505,51.64168142161962,74.64061654518817
2005-02-01,82.17615487354166,0.555,30.085000000000026,,1.1608362911294954,-0.310308227511925,0.4830427874535672,22.706089364914703,14.674550083705412,0.2423322766384064,101164.18218122207,1.9395492474887672,0.8660254037844386,0.5000000000000001,1,0,82.54462197774193,50.67765348629028,50.93426852113172,75.95529775229885
2005-03-01,54.78527369801076,0.587,31.965000000000032,,0.3990707160816598,1.62011952582879,0.2829206792108893,26.18624011214058,19.50400392265732,3.3722571968076456,100918.6042296707,1.8297780587544228,1.0,6.123233995736766e-17,0,0,82.17615487354166,75.80674477475134,50.59992571015834,50.169078793251344
2005-04-01,54.17596681470416,0.704,32.16333333333338,,0.0350158267551279,-2.24880064132992,-0.2085513458955625,27.97632603115511,22.39934974246557,3.143795199426691,100796.28140190971,1.7945025428210857,0.8660254037844387,-0.4999999999999998,0,0,54.78527369801076,82.54462197774193,50.63382388846505,49.34834882265972
2005-05-01,53.224203391005375,0.807,29.61500000000004,,-0.3010519333769288,1.009802397495223,-0.1723743803280184,27.93224335537161,24.37026740453581,11.4714106500571,100349.71986832158,1.8750753618179328,0.4999999999999999,-0.8660254037844387,0,0,54.17596681470416,82.17615487354166,50.67765348629028,50.3518793857043
2005-06-01,55.01801799117917,0.888,30.350000000000023,,0.7430320837559066,-5.063232651772498,0.0153632674716486,28.957247967190256,25.8034762064616,7.189098078897871,99872.28082682291,2.794210290808545,1.2246467991473532e-16,-1.0,0,1,53.224203391005375,54.78527369801076,75.80674477475134,50.93102335614444
2005-07-01,54.38929471849731,0.26,26.57000000000005,,-0.2668952342397048,0.7643545903536229,0.124491942770625,27.616908953266773,24.826329393284425,11.11974724832632,100078.9506153394,3.165714165098914,-0.4999999999999997,-0.8660254037844388,0,1,55.01801799117917,54.17596681470416,82.54462197774193,51.64168142161962
2005-08-01,55.53725766181048,,31.390000000000043,,-0.0803268888550796,-0.9141446235775668,-0.1240721496233376,27.8026734916113,25.174157714843773,8.134692722127776,100035.56644300236,2.540570375871636,-0.8660254037844384,-0.5000000000000004,0,1,54.38929471849731,53.224203391005375,82.17615487354166,50.93426852113172
2005-09-01,54.52989168985416,0.517,29.56333333333337,,0.057245178711657,2.034390127458217,-0.4864441470180032,27.776316197713182,25.135350163777616,10.878730528289182,100462.20554470486,1.4663696194508526,-1.0,-1.8369701987210294e-16,0,1,55.53725766181048,55.01801799117917,54.78527369801076,50.59992571015834
2005-10-01,54.57810590770161,0.435,32.64333333333337,,-0.2783849604176076,2.164524099711076,0.0068733686953976,26.0907802868914,23.554636153354465,7.454855326979637,100944.64158581146,1.20763948230253,-0.8660254037844386,0.5000000000000001,0,0,54.52989168985416,54.38929471849731,54.17596681470416,50.63382388846505
2005-11-01,54.58871359092223,0.491,29.090000000000032,,-0.5004585641062853,-0.6732682370576699,-0.0272882642848031,22.65499299367264,17.337375047471824,0.0987336733379843,101148.8117784288,1.2206203662945028,-0.5000000000000004,0.8660254037844384,0,0,54.57810590770161,55.53725766181048,53.224203391005375,50.67765348629028
2005-12-01,82.2504528342742,0.364,26.42500000000004,,0.1779337035285451,-0.3463912897938673,0.2640831138743564,19.91396016766953,13.33365496563647,0.201045935709877,101252.25512432794,1.658115081671721,-2.4492935982947064e-16,1.0,1,0,54.58871359092223,54.52989168985416,55.01801799117917,75.80674477475134
2006-01-01,88.93743074633065,0.771,24.12000000000004,,0.4160314604109416,-0.1750042863775632,0.1489360462463373,18.915274843605573,12.086115896573688,0.0255180506261953,101300.09566637264,1.7195869911553816,0.4999999999999999,0.8660254037844387,1,0,82.2504528342742,54.57810590770161,54.38929471849731,82.54462197774193
2006-02-01,88.11576893096726,0.72,30.33500000000004,,2.8097203377748734,-0.4645598629325717,0.1523639062799953,24.35497341156008,16.298349998110837,0.0880806412177597,101064.63453311012,1.6088703663151953,0.8660254037844386,0.5000000000000001,1,0,88.93743074633065,54.58871359092223,55.53725766181048,82.17615487354166
2006-03-01,59.33233909985484,0.554,33.59000000000003,,1.35526626025284,-1.6013265909364494,0.1514889405737234,27.14243565631176,15.942718411517433,0.1508110800424062,100823.66137957826,1.6983463201172568,1.0,6.123233995736766e-17,0,0,88.11576893096726,82.2504528342742,54.52989168985416,54.78527369801076
2006-04-01,58.41850944878889,0.6960000000000001,33.27000000000004,,-0.2838095347087019,0.2549735538436897,-0.1718136995469938,27.65750066969128,22.825435511271223,5.647569394600301,100558.42724609374,1.8312401891696544,0.8660254037844387,-0.4999999999999998,0,0,59.33233909985484,88.93743074633065,54.57810590770161,54.17596681470416
2006-05-01,58.69841658679167,0.605,30.683333333333355,,-0.1983159627670296,0.2525775430661205,-0.1484642036807997,28.03497932598151,24.222101609424897,10.714185795627998,100357.5523405998,1.8989855384651515,0.4999999999999999,-0.8660254037844387,0,0,58.41850944878889,88.11576893096726,54.58871359092223,53.224203391005375
2006-06-01,58.69929903717083,0.884,,,0.1550185619256581,-3.1221588497084856,-0.2374195628697322,28.369234445360007,25.625528144836323,9.130171880961884,100097.78945855037,2.541427460467164,1.2246467991473532e-16,-1.0,0,1,58.69841658679167,59.33233909985484,82.2504528342742,55.01801799117917
2006-07-01,58.74395901529167,,33.23000000000002,,-0.1291568525769975,1.1797664598674782,-0.0274507246891935,27.75464733492948,25.127819971884435,11.535159117840175,99910.9086599042,3.0137714976390955,-0.4999999999999997,-0.8660254037844388,0,1,58.69929903717083,58.41850944878889,88.93743074633065,54.38929471849731
2006-08-01,59.43792578076613,0.337,34.07666666666669,,-0.1424616623556112,0.4062863538525132,0.1403786972969962,27.74053871811077,24.782429631551167,9.455123699557856,100133.48516255042,2.8050212227919697,-0.8660254037844384,-0.5000000000000004,0,1,58.74395901529167,58.69841658679167,88.11576893096726,55.53725766181048
2006-09-01,58.61515853943472,0.408,32.35000000000002,,-0.0887732734028468,-1.5098666369485034,0.1219591090027565,27.63029774559868,24.739721700880352,7.334473763882462,100501.58867730036,2.0747728754716124,-1.0,-1.8369701987210294e-16,0,1,59.43792578076613,58.69929903717083,59.33233909985484,54.52989168985416
2006-10-01,59.74545766226478,0.582,31.59666666666671,,0.4553560820170972,-3.3891691238601496,-0.2054210465428754,26.824521329326103,23.266351236322866,1.901162103408412,100987.49744308638,0.995345067064257,-0.8660254037844386,0.5000000000000001,0,0,58.61515853943472,58.74395901529167,58.41850944878889,54.57810590770161
2006-11-01,60.07068564189722,0.494,29.10500000000001,,0.6647599163218203,-0.6207555544963319,0.1059998337673591,23.820211474100745,17.818514060974223,0.1512463558993223,101170.84140625,1.353908464346665,-0.5000000000000004,0.8660254037844384,0,0,59.74545766226478,59.43792578076613,58.69841658679167,54.58871359092223
2006-12-01,88.61736304475806,0.77,25.62500000000003,,0.822731244008601,-0.5241587029990371,-0.2133577214402335,20.558757708149585,14.02054561902122,0.0232785225047072,101393.68601415493,1.180674246357131,-2.4492935982947064e-16,1.0,1,0,60.07068564189722,58.61515853943472,58.69929903717083,82.2504528342742
2007-01-01,95.52358839524194,1.03,23.205000000000027,,0.1253799339086398,-0.1590076016385735,-0.117809888396005,18.62462331710327,11.290641034034024,0.041514735365185,101476.55218308972,1.4528410565130392,0.4999999999999999,0.8660254037844387,1,0,88.61736304475806,59.74545766226478,58.74395901529167,88.93743074633065
2007-02-01,95.6971395735119,0.8230000000000001,27.07000000000002,,-0.9188783250102724,1.5917421368904132,-0.3639723038472788,20.626374748774936,15.69389191582087,2.1443826410407447,101271.26046898252,1.0925341561879212,0.8660254037844386,0.5000000000000001,1,0,95.52358839524194,60.07068564189722,59.43792578076613,88.11576893096726
2007-03-01,63.644654135389786,0.511,33.795000000000016,,-0.6877622943558812,-1.1047669131002784,-0.2781528260414843,25.09940710170304,15.20538400629522,0.6473707578785772,100938.68919585852,1.2687045535020491,1.0,6.123233995736766e-17,0,0,95.6971395735119,88.61736304475806,58.61515853943472,59.33233909985484
2007-04-01,64.05296457109722,0.711,32.940000000000026,,-0.404994816250209,3.510624037287325,0.4514181456360369,27.536315388149774,22.92555402119956,8.903219878043936,100664.64993489582,2.454472034352685,0.8660254037844387,-0.4999999999999998,0,0,63.644654135389786,95.52358839524194,59.74545766226478,58.41850944878889
2007-05-01,64.04801258249866,0.6930000000000001,33.58333333333335,,0.217302831171704,-4.90204316070311,-0.0748443071838891,28.450598119920244,24.99778801702695,5.559565091858767,100263.15316805274,1.972605434962062,0.4999999999999999,-0.8660254037844387,0,0,64.05296457109722,95.6971395735119,60.07068564189722,58.69841658679167
2007-06-01,63.50398789554166,0.529,27.58000000000004,,-0.2763949826232306,7.78631157388492,0.1724848515751369,27.93782090081112,25.541256777445422,20.03864230455529,100039.92742513024,2.951331874912033,1.2246467991473532e-16,-1.0,0,1,64.04801258249866,63.644654135389786,88.61736304475806,58.69929903717083
2007-07-01,63.85059932607796,,,,-0.4524778771539068,8.678199570589538,0.1812839298617778,27.43132631035257,25.15893180190875,19.033592228562235,99963.40875441028,3.222506152190067,-0.4999999999999997,-0.8660254037844388,0,1,63.50398789554166,64.05296457109722,95.52358839524194,58.74395901529167
2007-08-01,63.410111335060485,0.436,28.33000000000004,,0.2402728209326774,-0.6523144934157301,-0.182404405525395,28.12327320139906,25.24976940360113,8.396522852289612,100035.0251333585,2.4822381199695784,-0.8660254037844384,-0.5000000000000004,0,1,63.85059932607796,64.04801258249866,95.6971395735119,59.43792578076613
2007-09-01,63.49799384269444,0.356,32.50000000000003,,-0.6007678260151366,2.7260380819351457,0.2239889869572149,27.11830319298639,24.765566274854848,11.570378482766111,100294.81692165796,2.1768027534260708,-1.0,-1.8369701987210294e-16,0,1,63.410111335060485,63.50398789554166,63.644654135389786,58.61515853943472
2007-10-01,63.39904843998656,0.451,30.01000000000002,,-0.2969347462366656,4.463894356032995,-0.1789037385864236,26.07223050107234,22.86691416258452,9.754225583301556,100749.14037298386,1.0218623750207088,-0.8660254037844386,0.5000000000000001,0,0,63.49799384269444,63.85059932607796,64.05296457109722,59.74545766226478
2007-11-01,63.47639774923889,0.442,29.76000000000002,,-0.0564193464751454,2.73591224616752,0.1349413087635718,23.09903221130378,19.27450014750167,3.5079141565631744,101115.65842013888,1.3828499393428777,-0.5000000000000004,0.8660254037844384,0,0,63.39904843998656,63.410111335060485,64.04801258249866,60.07068564189722
2007-12-01,94.99530259504031,0.768,24.65000000000005,,-0.3041540573146832,-0.5435681175501498,0.1179318339560675,19.4318724068263,13.547432548769107,0.0038691079535945,101277.78025768648,1.511963801753432,-2.4492935982947064e-16,1.0,1,0,63.47639774923889,63.49799384269444,63.50398789554166,88.61736304475806
2008-01-01,101.78887498538978,0.794,24.18000000000002,,0.3667372655434278,1.2534913487486312,0.0151708678997055,18.86598064873806,13.054785111129943,1.4540136857523898,101248.95708900371,1.5858218128087498,0.4999999999999999,0.8660254037844387,1,0,94.99530259504031,63.39904843998656,63.85059932607796,95.52358839524194
2008-02-01,102.36574606497126,0.883,26.160000000000025,,-2.036888328392937,-0.0668095012393268,-0.1841365398069621,19.50836474539227,12.782486588927496,0.4858310029110045,101245.2476427802,1.272369920228238,0.8660254037844386,0.5000000000000001,1,0,101.78887498538978,63.47639774923889,63.410111335060485,95.6971395735119
2008-03-01,68.03916577245967,0.858,31.37000000000004,,0.1491588643013344,-0.1421275778133655,0.003720638852225,25.936328260360256,19.802129774196143,1.6100100931654902,100773.12690587198,1.5505780183957585,1.0,6.123233995736766e-17,0,0,102.36574606497126,94.99530259504031,63.49799384269444,63.644654135389786
2008-04-01,68.77376957172918,0.645,33.29500000000003,,0.7890010409885946,-3.3735239644121418,0.1621336680503109,28.730311245388577,21.73811901940246,2.0190718763444693,100504.63188476562,2.165187556766959,0.8660254037844387,-0.4999999999999998,0,0,68.03916577245967,101.78887498538978,63.39904843998656,64.05296457109722
2008-05-01,68.14251212066532,0.883,31.57000000000005,,0.8211522626916086,-3.333526705122593,-0.2175194718388631,29.05444755144015,24.58378271697672,7.128081547439284,100173.56607022848,1.829930270307088,0.4999999999999999,-0.8660254037844387,0,0,68.77376957172918,102.36574606497126,63.47639774923889,64.04801258249866
2008-06-01,68.57386535670834,,,,-0.8988312517475379,-0.8422482034431908,0.2332382703806752,27.31538463168681,24.947260750664668,11.410082527227178,99977.95646158856,3.0120852937175715,1.2246467991473532e-16,-1.0,0,1,68.14251212066532,68.03916577245967,94.99530259504031,63.50398789554166
2008-07-01,67.37079913571236,,,,-0.7344820181922884,3.366900625864057,-0.0808176140282181,27.14932216931419,24.94429820891344,13.722293283836754,99953.58707682294,2.960404608300071,-0.4999999999999997,-0.8660254037844388,0,1,68.57386535670834,68.77376957172918,101.78887498538978,63.85059932607796
2008-08-01,68.1833006520027,,32.53000000000003,,-0.3530320079984044,0.3693224284297169,0.2236396298499663,27.529968372467977,24.95475724743256,9.41815977413506,100121.07168283768,2.88828215534494,-0.8660254037844384,-0.5000000000000004,0,1,67.37079913571236,68.14251212066532,102.36574606497126,63.410111335060485
2008-09-01,68.87465163809722,0.56,30.920000000000016,,-0.3510414669656043,2.9111340138052206,-0.1507839552381822,27.36802955203592,24.80914041731097,11.755474414636186,100387.27218424478,1.8020298112306736,-1.0,-1.8369701987210294e-16,0,1,68.1833006520027,68.57386535670834,68.03916577245967,63.49799384269444
2008-10-01,67.46927592939517,0.467,31.18500000000003,,-0.6190258180730446,1.7570959498814895,0.1855339737434918,25.75013942923596,22.57327933772922,7.047427177150051,100850.66544333838,1.3863000873506242,-0.8660254037844386,0.5000000000000001,0,0,68.87465163809722,67.37079913571236,68.77376957172918,63.39904843998656
2008-11-01,68.23056766150277,0.323,29.250000000000018,,-0.3547688965105138,-0.7597064057345384,-0.1666662883816068,22.80068266126841,17.963466983371347,0.0122955046611158,101137.842843967,1.081242342197699,-0.5000000000000004,0.8660254037844384,0,0,67.46927592939517,68.1833006520027,68.14251212066532,63.47639774923889
2008-12-01,102.15627409196236,0.809,26.26333333333337,,1.2682992056705942,-0.5210408854633057,-0.4741898769569859,21.00432566981158,15.918001593312963,0.0263963400404386,101297.00914083504,0.9198420908403786,-2.4492935982947064e-16,1.0,1,0,68.23056766150277,68.87465163809722,68.57386535670834,94.99530259504031
2009-01-01,109.78283911180108,0.989,25.51000000000004,,1.954405633154941,-0.1867742516560424,-0.2272352033224158,20.453649016349573,14.313900863483411,0.0137480853477161,101390.24199323758,1.3434157415866284,0.4999999999999999,0.8660254037844387,1,0,102.15627409196236,67.46927592939517,67.37079913571236,101.78887498538978
2009-02-01,109.53650885553571,0.634,29.835000000000026,,1.062121871355881,-0.4311962449849654,0.4660677341355208,22.60737494514109,13.273635255722752,0.121444259165366,101007.32999674475,1.9225741941707208,0.8660254037844386,0.5000000000000001,1,0,109.78283911180108,68.23056766150277,68.1833006520027,102.36574606497126
2009-03-01,72.58887457685483,0.788,32.44500000000004,,0.5139539543511589,2.350130558408756,-0.2347219189475058,26.30112335041008,16.781269430345105,4.102268229387612,100836.02695522513,1.3121354605960276,1.0,6.123233995736766e-17,0,0,109.53650885553571,102.15627409196236,68.87465163809722,68.03916577245967
2009-04-01,73.99085589087221,0.6940000000000001,33.99000000000003,,0.8807291454739499,-4.336966229267534,0.4694823856063688,28.822039349873933,22.853894064161523,1.0556296114890766,100478.10020616316,2.472536274323017,0.8660254037844387,-0.4999999999999998,0,0,72.58887457685483,109.78283911180108,67.46927592939517,68.77376957172918
2009-05-01,73.2365879353629,0.797,32.805000000000035,,0.217896918998111,-1.505615603226607,-0.0958813316526396,28.45119220774665,24.390428735876583,8.95599264933527,100273.90389784946,1.9515684104933115,0.4999999999999999,-0.8660254037844387,0,0,73.99085589087221,109.53650885553571,68.23056766150277,68.14251212066532
2009-06-01,73.09141351808333,1.007,,,0.8785429310595418,-5.40623421489657,0.1094420840528722,29.09275881449389,25.9459096484714,6.846096515773799,99938.61828342012,2.8882891073897685,1.2246467991473532e-16,-1.0,0,1,73.2365879353629,72.58887457685483,102.15627409196236,68.57386535670834
2009-07-01,73.01516678860214,,32.39000000000004,,0.0719181373161816,0.5386735457583747,0.2144574917860078,27.95572232482266,25.13087472402924,10.894066203731072,99878.67139721944,3.255679714114297,-0.4999999999999997,-0.8660254037844388,0,1,73.09141351808333,73.99085589087221,109.78283911180108,67.37079913571236
2009-08-01,73.67434420498655,0.862,31.11000000000004,,-0.1202508336360601,5.222394377310726,-0.2357458042088303,27.76274954683032,25.46228005604081,14.271231723016069,100199.32540007558,2.428896721286143,-0.8660254037844384,-0.5000000000000004,0,1,73.01516678860214,73.2365879353629,109.53650885553571,68.1833006520027
2009-09-01,73.16186170719722,0.644,32.80000000000001,,-0.1317489322434326,0.1452227271684236,0.0728136921634323,27.587322086758093,25.04525197347016,8.98956312799939,100371.78442925349,2.025627458632288,-1.0,-1.8369701987210294e-16,0,1,73.67434420498655,73.09141351808333,72.58887457685483,68.87465163809722
2009-10-01,72.80843702009274,0.501,33.163333333333355,,-0.359599496038463,-0.8018513177334414,0.1851639354782419,26.009565751270543,22.405286038306485,4.48847990953512,100776.81587596607,1.3859300490853743,-0.8660254037844386,0.5000000000000001,0,0,73.16186170719722,73.01516678860214,73.99085589087221,67.46927592939517
2009-11-01,73.72495684688889,0.61,29.675000000000026,,1.1522772308089166,-0.3943730507213371,-0.1121966749371174,24.30772878858784,18.027522023518884,0.3776288596743171,101119.0701497396,1.1357119556421884,-0.5000000000000004,0.8660254037844384,0,0,72.80843702009274,73.67434420498655,73.2365879353629,68.23056766150277
2009-12-01,109.78140700600808,0.872,25.53000000000003,,0.2635288447034511,-0.5391766911387655,-0.1651661790856142,19.999555308844435,13.581488443190096,0.0082605343649788,101353.74612525204,1.2288657887117502,-2.4492935982947064e-16,1.0,1,0,73.72495684688889,73.16186170719722,73.09141351808333,102.15627409196236
2010-01-01,116.52055046759408,0.711,24.88000000000004,,0.38774761313541,-0.1848605561253409,0.3162260923956366,18.88699099633004,12.846029064219522,0.0156617808784176,101433.60493846607,1.8868770373046808,0.4999999999999999,0.8660254037844387,1,0,109.78140700600808,72.80843702009274,73.01516678860214,109.78283911180108
2010-02-01,116.2863753397024,0.798,28.77500000000002,,0.9337695926010348,-0.0813942779066363,-0.2111989506539209,22.479022666386243,13.75718930108212,0.471246226243695,101177.14714122957,1.245307509381279,0.8660254037844386,0.5000000000000001,1,0,116.52055046759408,73.72495684688889,73.67434420498655,109.53650885553571
2010-03-01,78.32450664693548,0.677,32.65500000000003,,2.2790259668116093,0.38029183899257,0.8196950129361535,28.06619536287053,18.93746938807988,2.1324295099714257,100781.87131951444,2.366552392479687,1.0,6.123233995736766e-17,0,0,116.2863753397024,109.78140700600808,73.16186170719722,72.58887457685483
2010-04-01,78.44043278172222,0.801,33.60000000000002,,1.9060148874917928,-0.8210446953816142,1.4350377541038668,29.847325091891776,24.043177392747623,4.571551145374997,100503.82287326393,3.438091642820515,0.8660254037844387,-0.4999999999999998,0,0,78.32450664693548,116.52055046759408,72.80843702009274,73.99085589087221
2010-05-01,78.21150493231183,0.944,34.180000000000035,,0.2777549335048057,0.3566127811146824,0.5858013517390512,28.511050222253346,25.1674590244088,10.81822103367656,100241.42272555444,2.6332510938850024,0.4999999999999999,-0.8660254037844387,0,0,78.44043278172222,116.2863753397024,73.72495684688889,73.2365879353629
2010-06-01,78.07523351830555,1.186,,,0.1682298970018791,6.00980394972968,0.4326254546694108,28.38244578043623,25.908892334832103,18.26213468040005,100070.22924804688,3.211472478006307,1.2246467991473532e-16,-1.0,0,1,78.21150493231183,78.32450664693548,109.78140700600808,73.09141351808333
2010-07-01,78.26399728100806,,32.49000000000001,,0.3470089599255814,-2.95577031721398,0.0673863649480539,28.23081314743206,25.319747666389617,7.399622340758717,100182.90569871472,3.108608587276343,-0.4999999999999997,-0.8660254037844388,0,1,78.07523351830555,78.44043278172222,116.52055046759408,73.01516678860214
2010-08-01,77.89957475954436,0.462,29.590000000000032,,0.4713118271555636,-2.780218222015008,-0.2379313671314884,28.354312207621945,25.332350380190007,6.268619123690335,100298.77733849964,2.426711158363485,-0.8660254037844384,-0.5000000000000004,0,1,78.26399728100806,78.21150493231183,116.2863753397024,73.67434420498655
2010-09-01,78.14142496504168,,35.49000000000001,,-0.216001226148002,-0.5877973881420804,0.0620936142930421,27.503069792853523,24.944709714253747,8.256543012688885,100482.22100151912,2.014907380761898,-1.0,-1.8369701987210294e-16,0,1,77.89957475954436,78.07523351830555,78.32450664693548,73.16186170719722
2010-10-01,77.62628350354838,0.46,32.3366666666667,,0.5300398969373639,0.3151533785480147,-0.0315052763901748,26.89920514424637,23.699358548400312,5.605484605816576,100605.26596102152,1.1692608372169575,-0.8660254037844386,0.5000000000000001,0,0,78.14142496504168,78.26399728100806,78.44043278172222,72.80843702009274
2010-11-01,77.8084186666125,0.685,30.00000000000003,,1.0305480582081756,-0.4665669789891498,-0.0854269193539347,24.1859996159871,18.719337209065827,0.3054349314065044,101059.37153320311,1.1624817112253711,-0.5000000000000004,0.8660254037844384,0,0,77.62628350354838,77.89957475954436,78.21150493231183,73.72495684688889
2010-12-01,117.32928970087366,0.6990000000000001,25.410000000000025,,-0.3313462448803612,0.7400987052033181,0.091694718608321,19.404680219260623,13.592143795054485,1.2875359307070624,101041.5068779402,1.4857266864056855,-2.4492935982947064e-16,1.0,1,0,77.8084186666125,78.14142496504168,78.07523351830555,109.78140700600808
2011-01-01,123.86489076282258,1.089,23.08500000000004,,-0.6909155873249588,-0.1614101110853574,-0.1946394156579258,17.808327795869673,11.371607860442223,0.0391122259184011,101230.77577389951,1.3760115292511184,0.4999999999999999,0.8660254037844387,1,0,117.32928970087366,77.62628350354838,78.26399728100806,116.52055046759408
2011-02-01,124.65055009,0.78,29.26000000000004,,0.3090665259113585,-0.4610455541969968,0.0431366298661088,21.854319599696566,12.936931796300996,0.0915949499533346,101085.83440871464,1.499643089901309,0.8660254037844386,0.5000000000000001,1,0,123.86489076282258,77.8084186666125,77.89957475954436,116.2863753397024
2011-03-01,82.28374901693549,0.683,32.35500000000005,,0.0261877910277199,0.7293718601638977,0.5116270568334877,25.81335718708664,17.556480005735978,2.4815095311427533,100832.06004809306,2.058484436377021,1.0,6.123233995736766e-17,0,0,124.65055009,117.32928970087366,78.14142496504168,78.32450664693548
2011-04-01,83.35036957461111,0.789,32.450000000000024,,-0.7953870137531425,-1.776317200702643,-0.7868568333537584,27.14592319064684,22.237970267401863,3.616278640053968,100756.07864583332,1.2161970553628898,0.8660254037844387,-0.4999999999999998,0,0,82.28374901693549,123.86489076282258,77.62628350354838,78.44043278172222
2011-05-01,82.71066337866935,0.8310000000000001,33.310000000000024,,-0.5527403676085783,2.548108630046034,-0.1554015052671984,27.68055492113996,24.6246034847793,13.009716882607911,100328.81555569556,1.8920482368787528,0.4999999999999999,-0.8660254037844387,0,0,83.35036957461111,124.65055009,77.8084186666125,78.21150493231183
2011-06-01,83.10752201744444,,33.59000000000003,,-0.5694570019713865,2.320894832659814,0.1114519293607942,27.644758881462963,25.33465696970626,14.573225563330183,99882.2600423177,2.8902989526976905,1.2246467991473532e-16,-1.0,0,1,82.71066337866935,82.28374901693549,117.32928970087366,78.07523351830555
2011-07-01,83.43449215655913,0.749,32.01000000000005,,-0.0897573056154712,-1.0346121519921887,-0.3340067116023921,27.794046881891006,24.94723103430977,9.320780505980508,100050.23838625672,2.707215510725897,-0.4999999999999997,-0.8660254037844388,0,1,83.10752201744444,83.35036957461111,123.86489076282258,78.26399728100806
2011-08-01,82.98483565360215,,34.93000000000001,,-0.7871993161904101,4.697391193304426,-0.056476575532101,27.09580106427597,24.86938504044724,13.746228539009769,100171.98210685483,2.6081659499628724,-0.8660254037844384,-0.5000000000000004,0,1,83.43449215655913,82.71066337866935,124.65055009,77.89957475954436
2011-09-01,83.11503076460139,0.627,31.80000000000001,,-0.2488211012294847,0.509881429877705,0.525022266348198,27.47024991777204,24.756102964613262,9.35422183070867,100255.01872287328,2.477836032817054,-1.0,-1.8369701987210294e-16,0,1,82.98483565360215,83.10752201744444,82.28374901693549,78.14142496504168
2011-10-01,82.2543129881586,0.685,32.57000000000003,,0.6231276983066998,-3.6079575556906978,-0.2476502106033623,26.992292945615706,22.99590228501188,1.6823736715778637,100810.30409421206,0.95311590300377,-0.8660254037844386,0.5000000000000001,0,0,83.11503076460139,83.43449215655913,83.35036957461111,77.62628350354838
2011-11-01,83.7136714590139,0.8170000000000001,30.055000000000035,,-0.1232243594960849,-0.6626197997461438,-0.0539421985404005,23.03222719828284,16.80467847188322,0.1093821106495104,101162.63056640624,1.1939664320389054,-0.5000000000000004,0.8660254037844384,0,0,82.2543129881586,82.98483565360215,82.71066337866935,77.8084186666125
2011-12-01,124.51765346840054,0.733,25.49500000000002,,0.1230257919612043,-0.5403411360929319,0.0009802561326439,19.85905225610219,14.355232923774397,0.0070960894108124,101289.40996723792,1.3950122239300085,-2.4492935982947064e-16,1.0,1,0,83.7136714590139,83.11503076460139,83.10752201744444,117.32928970087366
2012-01-01,132.9141685923387,0.994,24.175000000000026,,-0.3405685196048367,0.5114592616971076,-0.105244374333405,18.158674863589795,12.469388518794917,0.7119815987008662,101336.54865486392,1.4654065705756392,0.4999999999999999,0.8660254037844387,1,0,124.51765346840054,82.2543129881586,83.43449215655913,123.86489076282258
2012-02-01,132.58028161250002,0.744,28.675000000000026,,-0.0830201639797145,-0.4657899438521382,0.1426373326613736,21.462232909805493,11.916734204347108,0.0868505602981932,101029.6572490122,1.5991437926965737,0.8660254037844386,0.5000000000000001,1,0,132.9141685923387,83.7136714590139,82.98483565360215,124.65055009
2012-03-01,89.99334299487903,0.789,32.055000000000035,,0.671107340292842,-1.3750838475475164,0.0280791489468927,26.458276736351763,16.537583964358078,0.3770538234313392,100803.70741977486,1.5749365284904262,1.0,6.123233995736766e-17,0,0,132.58028161250002,124.51765346840054,83.11503076460139,82.28374901693549
2012-04-01,88.51210556934721,0.759,32.77500000000002,,-0.8780054516262616,3.830685361152861,0.1847884008039759,27.06330475277372,23.04843794504808,9.223281201909472,100573.4655219184,2.187842289520624,0.8660254037844387,-0.4999999999999998,0,0,89.99334299487903,132.9141685923387,82.2543129881586,83.35036957461111
2012-05-01,88.88164050014785,1.052,35.30000000000004,,1.0832925162304117,-6.696944976842131,0.1816314416584932,29.31658780497895,24.84955817191832,3.764663275719746,100204.7997941868,2.2290811838044444,0.4999999999999999,-0.8660254037844387,0,0,88.51210556934721,132.58028161250002,83.7136714590139,82.71066337866935
2012-06-01,88.52349165748612,1.138,32.190000000000055,,0.9627954792771902,-1.5000837685307644,0.7660769037049979,29.17701136271154,25.910813013712584,10.752246962139605,99716.11082899306,3.544923927041894,1.2246467991473532e-16,-1.0,0,1,88.88164050014785,89.99334299487903,124.51765346840054,83.10752201744444
2012-07-01,88.87398379092741,,,,-0.1355252845707966,-2.367590903812264,0.5514811835728692,27.74827890293568,24.9461663440992,7.987801754160433,99907.15819262434,3.592703405901158,-0.4999999999999997,-0.8660254037844388,0,1,88.52349165748612,88.51210556934721,132.9141685923387,83.43449215655913
2012-08-01,87.65064716974463,,,,-0.1872793510002388,0.0386795290135495,0.0714208130241607,27.695721029466142,24.87709679962495,9.087516874718892,100139.82028624832,2.736063338519134,-0.8660254037844384,-0.5000000000000004,0,1,88.87398379092741,88.88164050014785,132.58028161250002,82.98483565360215
2012-09-01,89.08552887147222,0.722,,,-0.2664459350781172,-0.1764976249258047,0.3203651711907582,27.452625083923408,24.92341950734459,8.66784277590516,100478.18195529516,2.273178937659614,-1.0,-1.8369701987210294e-16,0,1,87.65064716974463,88.52349165748612,89.99334299487903,83.11503076460139
2012-10-01,88.31820287627687,0.512,32.703333333333354,,-0.7195737316551387,-0.0935920010070106,0.2339790988480092,25.649591515653867,21.95191909215788,5.196739226261551,100938.91148458504,1.4347452124551416,-0.8660254037844386,0.5000000000000001,0,0,89.08552887147222,88.87398379092741,88.51210556934721,82.2543129881586
2012-11-01,89.25908792451388,0.607,28.476666666666706,,-1.3791165408924897,1.2239416974522328,0.1348595683101559,21.776335016886435,16.795945337083594,1.9959436078478872,101098.86670464413,1.3827681988894618,-0.5000000000000004,0.8660254037844384,0,0,88.31820287627687,87.65064716974463,88.88164050014785,83.7136714590139
2012-12-01,132.49822673560482,0.8240000000000001,23.550000000000026,,-1.1349587385799893,-0.388124397097047,0.0310991284282964,18.601067725560995,13.814359221919917,0.1593128284066973,101251.65869140624,1.425131096225661,-2.4492935982947064e-16,1.0,1,0,89.25908792451388,89.08552887147222,88.52349165748612,124.51765346840054
2013-01-01,140.59075975630375,1.083,23.67000000000003,,-1.1497885157394665,-0.1891589454815614,0.0050460967959706,17.349454867455165,11.218687537408698,0.0113633915221971,101442.09753024194,1.575697041705015,0.4999999999999999,0.8660254037844387,1,0,132.49822673560482,88.31820287627687,88.87398379092741,132.9141685923387
2013-02-01,140.9441285335119,0.552,30.055000000000035,,-0.1900968973543548,-0.1760338245251642,0.54519798677626,21.355156176430853,13.03589267276584,0.3766066796251672,101252.103515625,2.00170444681146,0.8660254037844386,0.5000000000000001,1,0,140.59075975630375,89.25908792451388,87.65064716974463,132.58028161250002
2013-03-01,93.25701148408602,0.66,34.21000000000004,,0.633948804919946,-1.5576664691552469,-0.0325778919679089,26.421118200978867,17.0104620205459,0.1944712018236087,100923.91272891464,1.5142794875756245,1.0,6.123233995736766e-17,0,0,140.9441285335119,132.49822673560482,89.08552887147222,89.99334299487903
2013-04-01,93.73944260348613,0.709,35.06000000000003,,0.1050562752616457,-1.636124136714943,-0.0285117167021882,28.04636647966163,21.64021341535789,3.756471704041668,100570.55466037328,1.97454217201446,0.8660254037844387,-0.4999999999999998,0,0,93.25701148408602,140.59075975630375,88.31820287627687,88.51210556934721
2013-05-01,94.73401466549733,0.919,25.55000000000001,,-1.5858520014015234,10.21132586719623,0.5602628379004928,26.647443287347016,24.274492456579765,20.672934119758107,100229.9142987651,2.607712580046444,0.4999999999999999,-0.8660254037844387,0,0,93.73944260348613,140.9441285335119,89.25908792451388,88.88164050014785
2013-06-01,93.8280311045,0.597,36.13000000000005,,0.2741445003411513,-7.385284839161097,-0.3785619490620133,28.4883603837755,25.15163012610537,4.867045891509273,99988.77968750003,2.400285074274883,1.2246467991473532e-16,-1.0,0,1,94.73401466549733,93.25701148408602,132.49822673560482,88.52349165748612
2013-07-01,93.70663300961024,,,,-0.0052005004250688,-5.320475333468937,0.376220729922093,27.87860368708141,24.740071581768746,5.03491732450376,99926.75712995631,3.417442952250382,-0.4999999999999997,-0.8660254037844388,0,1,93.8280311045,93.73944260348613,140.59075975630375,88.87398379092741
2013-08-01,93.79741413388442,,,,-0.6339773449451904,-0.7025932816410929,-0.0001225058173832,27.24902303552119,24.71790195588148,8.34624406406425,100181.11546013942,2.6645200196775902,-0.8660254037844384,-0.5000000000000004,0,1,93.70663300961024,94.73401466549733,140.9441285335119,87.65064716974463
2013-09-01,93.42597449027777,0.594,33.39000000000004,,-0.297640664353402,-0.8373705442108665,-0.2118834513753762,27.421430354648123,24.93585391574436,8.006969856620099,100403.55320095486,1.7409303150934796,-1.0,-1.8369701987210294e-16,0,1,93.79741413388442,93.8280311045,93.25701148408602,89.08552887147222
2013-10-01,93.08718963090054,0.586,31.45666666666669,,-0.5525088187975982,0.5767301762221901,-0.0312737777225726,25.816656428511408,22.980058821811497,5.867061403490752,100918.42441091228,1.1694923358845597,-0.8660254037844386,0.5000000000000001,0,0,93.42597449027777,93.70663300961024,93.73944260348613,88.31820287627687
2013-11-01,93.41475753118056,0.473,30.560000000000016,,-1.2305969189375254,-0.7641421771573631,0.3529339876746993,21.9248546388414,16.17089152865941,0.0078597332382912,101192.96303710938,1.6008426182540052,-0.5000000000000004,0.8660254037844384,0,0,93.08718963090054,93.79741413388442,94.73401466549733,89.25908792451388
2013-12-01,141.0991559413441,1.041,25.57500000000003,,-0.19897315288528,-0.4810948489417758,-0.1030638532541432,19.537053311255704,13.713149745490057,0.0663423765619685,101333.66648290493,1.2909681145432212,-2.4492935982947064e-16,1.0,1,0,93.41475753118056,93.42597449027777,93.8280311045,132.49822673560482
2014-01-01,148.5014833843414,0.756,24.82000000000004,,-0.290288081930246,-0.1690954089425042,0.1410621502079223,18.208955301264385,12.959160843715892,0.0314269280612543,101556.24238701275,1.7117130951169666,0.4999999999999999,0.8660254037844387,1,0,141.0991559413441,93.08718963090054,93.70663300961024,140.59075975630375
2014-02-01,148.783966961875,0.833,28.12000000000004,,-1.6792336159227297,1.5497609180471992,0.1623877322836227,19.86601945786248,13.704502337319582,2.1024014221975307,101192.8755812872,1.6188941923188227,0.8660254037844386,0.5000000000000001,1,0,148.5014833843414,93.41475753118056,93.79741413388442,140.9441285335119
2014-03-01,98.96313407255376,0.532,34.800000000000026,,-1.0671093059630827,-1.047883906259723,0.1197347061330766,24.72006009009584,16.042365789926237,0.7042537647191327,101080.32113155242,1.66659208567661,1.0,6.123233995736766e-17,0,0,148.783966961875,141.0991559413441,93.42597449027777,93.25701148408602
2014-04-01,100.35951443038888,0.796,36.09000000000003,,1.1820171356201463,-3.243134900828487,-0.4765758831813067,29.12332734002013,21.1559085210165,2.149460939928124,100686.3404513889,1.5264780055353415,0.8660254037844387,-0.4999999999999998,0,0,98.96313407255376,148.5014833843414,93.08718963090054,93.73944260348613
2014-05-01,99.8859637642742,0.774,33.505000000000024,,1.0815283417996362,-4.422331502377726,0.5617175369451655,29.314823630548176,24.473113796275182,6.039276750184151,100421.3346144153,2.6091672790911167,0.4999999999999999,-0.8660254037844387,0,0,100.35951443038888,148.783966961875,93.41475753118056,94.73401466549733
2014-06-01,99.33012092941668,1.197,29.33000000000004,,0.2896237577128318,-0.395038982449817,-0.2715718382211811,28.50383964114718,25.668193054199264,11.857291748220552,99873.0064561632,2.507275185115715,1.2246467991473532e-16,-1.0,0,1,99.8859637642742,98.96313407255376,141.0991559413441,93.8280311045
2014-07-01,99.1123780244758,0.488,,,0.3843100542268374,-4.827018571318421,0.2725403098216254,28.268114241733315,25.144192611530343,5.528374086654276,99941.23523080476,3.3137625321499145,-0.4999999999999997,-0.8660254037844388,0,1,99.33012092941668,100.35951443038888,148.5014833843414,93.70663300961024
2014-08-01,99.2869705180914,,33.690000000000055,,-0.2669758832188726,0.2588315354662036,0.1562599838234186,27.61602449724751,25.08617490132656,9.307668881171546,100195.58264553933,2.820902509318392,-0.8660254037844384,-0.5000000000000004,0,1,99.1123780244758,99.8859637642742,148.783966961875,93.79741413388442
2014-09-01,100.14778659184722,0.8160000000000001,32.80000000000004,,-0.0941471857902129,-3.2482918358973123,0.2064479737640083,27.624923833211312,24.5857494778104,5.596048564933653,100489.25354275174,2.159261740232864,-1.0,-1.8369701987210294e-16,0,1,99.2869705180914,99.33012092941668,98.96313407255376,93.42597449027777
2014-10-01,99.0214401800672,0.556,31.98000000000001,,-0.2187064007553019,-3.1787272726431293,-0.2325056187738835,26.150458846553704,22.320992283154624,2.111603954625432,101024.7056766633,0.9682604948332488,-0.8660254037844386,0.5000000000000001,0,0,100.14778659184722,99.1123780244758,100.35951443038888,93.08718963090054
2014-11-01,98.86011775194444,0.719,29.63500000000002,,-0.0126015296348853,-0.675581818090379,-0.1461808295196978,23.14285002814404,17.353502358330616,0.0964200923052752,101140.91184895832,1.101727801059608,-0.5000000000000004,0.8660254037844384,0,0,99.0214401800672,99.2869705180914,99.8859637642742,93.41475753118056
2014-12-01,149.5489462325941,0.711,25.710000000000008,,-0.1600130959651444,-0.4398480946208561,0.0197953949979983,19.57601336817584,14.946132093860228,0.1075891308828881,101382.4841124832,1.4138273627953628,-2.4492935982947064e-16,1.0,1,0,98.86011775194444,100.14778659184722,99.33012092941668,141.0991559413441
2015-01-01,157.53762356233872,0.846,25.035000000000025,,0.4073166409438258,0.2051658397787502,0.0975117420752458,18.906560024138457,13.85403287333827,0.4056881767825088,101477.90179771504,1.66816268698429,0.4999999999999999,0.8660254037844387,1,0,149.5489462325941,99.0214401800672,99.1123780244758,148.5014833843414
2015-02-01,157.05908159227678,1.084,28.720000000000027,,-0.0466648932432463,0.0747041589124219,-0.1406561736651517,21.49858818054196,15.035936223893032,0.6273446630627534,101331.24943033852,1.3158502863700483,0.8660254037844386,0.5000000000000001,1,0,157.53762356233872,98.86011775194444,99.2869705180914,148.783966961875
2015-03-01,105.32957355319893,0.591,33.87500000000003,,-0.4402879110734901,-0.4071003912652373,-0.0168290411536098,25.34688148498543,16.497555115402406,1.3450372797136183,101168.85505397344,1.5300283383899236,1.0,6.123233995736766e-17,0,0,157.05908159227678,149.5489462325941,100.14778659184722,98.96313407255376
2015-04-01,105.62329817090276,1.018,35.003333333333366,,-1.889263386196532,6.222948937100101,-0.3392538440792816,26.05204681820345,22.76076060401067,11.615544777856712,100809.84565429686,1.6638000446373666,0.8660254037844387,-0.4999999999999998,0,0,105.32957355319893,157.53762356233872,99.0214401800672,100.35951443038888
2015-05-01,105.83567901646504,1.01,32.14333333333335,,0.3165371147831486,-3.4768145048034738,0.1117366969995048,28.54983240353169,25.25914775479231,6.9847937477584034,100429.29781481014,2.159186439145456,0.4999999999999999,-0.8660254037844387,0,0,105.62329817090276,157.05908159227678,98.86011775194444,99.8859637642742
2015-06-01,105.14805887591667,0.889,35.49000000000001,,0.1062701217129564,-2.227484571160677,0.3249650348204609,28.320486005147306,25.20048359764945,10.024846159509693,100087.29855685764,3.103812058157357,1.2246467991473532e-16,-1.0,0,1,105.83567901646504,105.32957355319893,149.5489462325941,99.33012092941668
2015-07-01,105.74681515862903,,,,-0.7720639644525065,8.968486905596151,-0.4380962646043627,27.11174022305397,24.9825275667252,19.32387956356885,99920.43048555111,2.6031259577239263,-0.4999999999999997,-0.8660254037844388,0,1,105.14805887591667,105.62329817090276,157.53762356233872,99.1123780244758
2015-08-01,104.64655885008064,,,,-0.1489825181668997,2.72129824318794,0.1444733370526112,27.73401786229948,25.158590960759,11.770135588893282,100247.3940639701,2.8091158625475847,-0.8660254037844384,-0.5000000000000004,0,1,105.74681515862903,105.83567901646504,157.05908159227678,99.2869705180914
2015-09-01,105.71603983491669,0.785,32.29000000000002,,0.2950521346850436,0.392672252953556,-0.1161425547080798,28.01412315368657,25.088259696960503,9.237012653784522,100499.22737630206,1.836671211760776,-1.0,-1.8369701987210294e-16,0,1,104.64655885008064,105.14805887591667,105.32957355319893,100.14778659184722
2015-10-01,105.14213577725806,0.8260000000000001,31.65000000000004,,-0.2792428161015365,-1.5238613140228403,-0.1344369425424953,26.08992243120747,22.602349668933527,3.766469913245721,101019.85683383734,1.066329171064637,-0.8660254037844386,0.5000000000000001,0,0,105.71603983491669,105.74681515862903,105.62329817090276,99.0214401800672
2015-11-01,104.82122475841668,0.5720000000000001,30.955000000000027,,0.2430386062360909,-0.5285834141659461,-0.2041622845341588,23.398490164015016,17.954828580220635,0.2434184962297081,101241.86985677083,1.043746346045147,-0.5000000000000004,0.8660254037844384,0,0,105.14213577725806,104.64655885008064,105.83567901646504,98.86011775194444
2015-12-01,157.85429016231186,1.126,24.21000000000004,,-0.0552360777359624,-0.2167741984478063,-0.2499931139303521,19.68079038640502,14.547697239537342,0.330663027055938,101475.67714633736,1.1440388538670123,-2.4492935982947064e-16,1.0,1,0,104.82122475841668,105.71603983491669,105.14805887591667,149.5489462325941
2016-01-01,166.04998521612904,1.269,23.705000000000027,,-0.1431749381735407,0.0473765484353854,-0.2341737963936943,18.35606844502109,12.761128792711531,0.247898885439144,101484.44841019824,1.33647714851535,0.4999999999999999,0.8660254037844387,1,0,157.85429016231186,105.14213577725806,105.74681515862903,157.53762356233872
2016-02-01,166.00619168860632,1.378,29.550000000000026,,1.298252667202572,0.5777942154374814,-0.4563446347469646,22.84350574098778,16.94809461133235,1.1304347195878128,101339.28887728987,1.0001618252882354,0.8660254037844386,0.5000000000000001,1,0,166.04998521612904,104.82122475841668,104.64655885008064,157.05908159227678
2016-03-01,111.05121182883065,0.912,32.19000000000003,,0.6655076928528771,2.019575273538801,-0.1123584985970045,26.4526770889118,19.269040700440826,3.771712944517657,101035.70155514951,1.4344988809465289,1.0,6.123233995736766e-17,0,0,166.00619168860632,157.85429016231186,105.71603983491669,105.32957355319893
2016-04-01,110.42293460206945,0.865,34.71000000000002,,0.940018505520314,-0.540445515907046,1.02971334239068,28.881328709920297,24.57866634792748,4.852150324849565,100454.18103298612,3.032767231107328,0.8660254037844387,-0.4999999999999998,0,0,111.05121182883065,166.04998521612904,105.14213577725806,105.62329817090276
2016-05-01,110.77048022833333,1.103,30.54333333333337,,-0.509893011120031,3.024076515005208,-0.2857275470925315,27.72340227762851,24.52933611715997,13.485684767567085,100391.84172337028,1.7617221950534196,0.4999999999999999,-0.8660254037844387,0,0,110.42293460206945,166.00619168860632,104.82122475841668,105.83567901646504
2016-06-01,110.98303087,0.788,34.59000000000003,,0.1384968961405093,-5.183832384932774,-0.5463154857900712,28.35271277957486,25.230736690097444,7.068498345737595,100234.45513237848,2.232531537546825,1.2246467991473532e-16,-1.0,0,1,110.77048022833333,111.05121182883065,157.85429016231186,105.14805887591667
2016-07-01,110.4644677324328,,,,-0.319402634752457,1.1488763426820583,-0.0369269745047238,27.56440155275402,25.20561020143583,11.504269000654755,100137.43456506214,3.004295247823565,-0.4999999999999997,-0.8660254037844388,0,1,110.98303087,110.42293460206945,166.04998521612904,105.74681515862903
2016-08-01,110.86049409489247,0.321,27.53000000000003,,0.3270449397778812,-1.62254367770724,0.1375343313785744,28.210045320244262,25.00271875935221,7.426293667998102,100073.87455372144,2.802176856873548,-0.8660254037844384,-0.5000000000000004,0,1,110.4644677324328,110.77048022833333,166.00619168860632,104.64655885008064
2016-09-01,110.76954236065278,0.35,,,0.1697671132210629,-0.7852444127291491,-0.1363163417984385,27.88883813222259,25.13075936635329,8.059095988101816,100410.76556532118,1.8164974246704173,-1.0,-1.8369701987210294e-16,0,1,110.86049409489247,110.98303087,111.05121182883065,105.71603983491669
2016-10-01,111.40701724055108,0.371,33.21500000000003,,0.4306373769730456,-1.0867401165560118,0.0821913383171242,26.79980262428205,23.617234802246173,4.20359111071255,100678.00685168846,1.2829574519242566,-0.8660254037844386,0.5000000000000001,0,0,110.76954236065278,110.4644677324328,110.42293460206945,105.14213577725806
2016-11-01,111.13219982208334,0.506,29.30333333333336,,-0.0231704239153138,0.6000891411024672,-0.2086088381458444,23.13228113386361,18.4986021677654,1.3720910514981215,101104.0597005208,1.0392997924334615,-0.5000000000000004,0.8660254037844384,0,0,111.40701724055108,110.86049409489247,110.77048022833333,104.82122475841668
2016-12-01,167.18399458313172,0.743,26.970000000000027,,1.148890875060946,-0.5347284690838094,0.0218458950275706,20.88491733920193,15.646843149328788,0.0127087564199349,101279.52381552418,1.415877862824935,-2.4492935982947064e-16,1.0,1,0,111.13219982208334,110.76954236065278,110.98303087,157.85429016231186
2017-01-01,176.35803158196236,0.717,25.62500000000003,,0.6700983788968742,-0.1903379377190198,0.3781664269504046,19.169341762091506,12.643043649324795,0.0101843992847387,101399.64927230342,1.9488173718594488,0.4999999999999999,0.8660254037844387,1,0,167.18399458313172,111.40701724055108,110.4644677324328,166.04998521612904
2017-02-01,175.32062543467262,0.875,29.660000000000025,,0.7824212288154477,-0.4142061521206832,0.1128268689393243,22.327674302600656,14.030909588223324,0.1384343520296482,101292.77398972285,1.5693333289745244,0.8660254037844386,0.5000000000000001,1,0,176.35803158196236,111.13219982208334,110.86049409489247,166.00619168860632
2017-03-01,117.30178648435484,0.834,30.555000000000035,,-1.8211733531715664,1.357915455095254,-0.0518719924953654,23.965996042887355,18.3247837230723,3.1100531260741096,100945.18333648352,1.494985387048168,1.0,6.123233995736766e-17,0,0,175.32062543467262,167.18399458313172,110.76954236065278,111.05121182883065
2017-04-01,117.52741830754168,0.932,33.03000000000005,,-0.9580822626750064,6.161977171735057,0.2336753351915947,26.983227941724977,23.20637864006892,11.554573012491668,100622.00920681424,2.236729223908243,0.8660254037844387,-0.4999999999999998,0,0,117.30178648435484,176.35803158196236,111.40701724055108,110.42293460206945
2017-05-01,116.86556430201612,1.011,31.490000000000048,,0.0925654505184603,-0.4893024212611774,-0.7160504455546115,28.325860739267,25.06570658940143,9.9723058313007,100435.2310200353,1.3313992965913397,0.4999999999999999,-0.8660254037844387,0,0,117.52741830754168,175.32062543467262,111.13219982208334,110.77048022833333
2017-06-01,116.32008239666668,,,,-0.1337400338588281,4.609052406003528,-0.3382660451500152,28.08047584957552,25.5685348934598,16.861383136673897,100033.27095811632,2.440580978186881,1.2246467991473532e-16,-1.0,0,1,116.86556430201612,117.30178648435484,167.18399458313172,110.98303087
2017-07-01,117.60446530709676,,,,-0.3287297746581359,2.5365294533271268,-0.1343134714741412,27.55507441284834,25.166306452597382,12.891922111299824,100055.47373781924,2.906908750854148,-0.4999999999999997,-0.8660254037844388,0,1,116.32008239666668,117.52741830754168,176.35803158196236,110.4644677324328
2017-08-01,116.99339970561827,,27.78000000000003,,0.162226370881644,2.220097725440638,-0.2752012333969671,28.045226751348025,25.29026339951389,11.26893507114598,100196.05930254536,2.3894412920980064,-0.8660254037844384,-0.5000000000000004,0,1,117.60446530709676,116.86556430201612,175.32062543467262,110.86049409489247
2017-09-01,117.84130690891666,0.629,33.950000000000045,,0.1402925369066778,1.3625476434263462,-0.2070597417725601,27.859363555908203,25.30549295213484,10.206888044257312,100480.31342230905,1.7457540246962957,-1.0,-1.8369701987210294e-16,0,1,116.99339970561827,116.32008239666668,117.30178648435484,110.76954236065278
2017-10-01,116.1073945925672,0.669,30.8566666666667,,0.034598337115085,2.0831665591957984,0.3215667809387712,26.40376358442409,23.27506929623189,7.37349778646436,100741.9754966818,1.5223328945459036,-0.8660254037844386,0.5000000000000001,0,0,117.84130690891666,117.60446530709676,117.52741830754168,111.40701724055108
2017-11-01,117.27400351244444,0.534,30.295000000000016,,0.1163503695757341,-0.5215112104572439,0.3107107463698841,23.27180192735466,17.828831524319185,0.2504906999384104,101115.05176323786,1.55861937694919,-0.5000000000000004,0.8660254037844384,0,0,116.1073945925672,116.99339970561827,116.86556430201612,111.13219982208334
2017-12-01,175.0502112045968,0.632,25.815000000000023,,0.1241735031100645,3.0354439726846625,-0.1935123478402849,19.86019996725105,16.039360464772813,3.5828811981884066,101354.86008904567,1.2005196199570796,-2.4492935982947064e-16,1.0,1,0,117.27400351244444,117.84130690891666,116.32008239666668,167.18399458313172
2018-01-01,184.9416100473656,1.038,23.54000000000005,,-1.0874154262053608,-0.1722161162252865,0.0752951550289722,17.41182795698927,12.14357756337813,0.028306220778472,101233.45817582322,1.6459460999380164,0.4999999999999999,0.8660254037844387,1,0,175.0502112045968,116.1073945925672,117.60446530709676,176.35803158196236
2018-02-01,184.4552802779613,1.034,29.22500000000004,,0.6473978619782166,-0.4198501250849713,-0.2306442610942958,22.192650935763425,15.008187412080304,0.1327903790653601,101240.67002650668,1.2258621989409042,0.8660254037844386,0.5000000000000001,1,0,184.9416100473656,117.27400351244444,116.99339970561827,175.32062543467262
2018-03-01,123.1019748122043,0.833,32.71000000000002,,0.4210842675270712,0.3339794332432306,-0.102579171285827,26.208253663585992,18.253413608510016,2.0861171042220863,100890.06150243618,1.4442782082577064,1.0,6.123233995736766e-17,0,0,184.4552802779613,175.0502112045968,117.84130690891666,117.30178648435484
2018-04-01,122.16777140572222,0.879,32.78333333333336,,-1.3714690102470826,1.892824870693793,-0.6743553612698439,26.5698411941529,22.79589167700874,7.285420711450404,100763.98767903648,1.3286985274468044,0.8660254037844387,-0.4999999999999998,0,0,123.1019748122043,184.9416100473656,116.1073945925672,117.52741830754168
2018-05-01,122.83982213653226,0.988,30.13666666666669,,-1.4582700461173808,3.3992632648418635,-0.1784983852985444,26.77502524263116,24.047969764791503,13.86087151740374,100523.04095787129,1.8689513568474068,0.4999999999999999,-0.8660254037844387,0,0,122.16777140572222,184.4552802779613,117.27400351244444,116.86556430201612
2018-06-01,122.24261204606944,1.125,34.05000000000001,9.011345017435296e-05,0.2977298198602511,-1.6927560925854015,-0.4369260581587451,28.5119457032946,25.68624877929681,10.559574638084968,99956.21692708335,2.341920965178151,1.2246467991473532e-16,-1.0,0,1,122.83982213653226,123.1019748122043,175.0502112045968,116.32008239666668
2018-07-01,123.89866744524194,,,6.359502438738845e-05,0.2287374091010932,-1.603087853486015,0.1427939745879696,28.11254159660757,25.24179414318462,8.752304804486682,99871.82670740927,3.1840161969162586,-0.4999999999999997,-0.8660254037844388,0,1,122.24261204606944,122.16777140572222,184.9416100473656,117.60446530709676
2018-08-01,123.69488573836024,,32.75000000000003,5.292095739253555e-05,0.4628236745388285,-4.024588938836351,0.1179467369530744,28.34582405500521,25.152024984872583,5.024248406868992,99967.69711861556,2.782589262448048,-0.8660254037844384,-0.5000000000000004,0,1,123.89866744524194,122.83982213653226,184.4552802779613,116.99339970561827
2018-09-01,123.10630976733334,0.653,35.03000000000003,0.0002172404297069,0.5989229503860756,-4.2554843452022935,0.0819333206338925,28.3179939693876,24.98749889797631,4.588856055628672,100537.37006293405,2.0347470871027484,-1.0,-1.8369701987210294e-16,0,1,123.69488573836024,122.24261204606944,123.1019748122043,117.84130690891666
2018-10-01,122.39369888213707,0.768,32.350000000000044,0.0001738795050868,-0.6014565530150442,-1.9558967024009344,-0.0724151120358391,25.76770869429396,21.55745765521965,3.334434524867627,101052.0682123656,1.1283510015712932,-0.8660254037844386,0.5000000000000001,0,0,123.10630976733334,123.89866744524194,122.16777140572222,116.1073945925672
2018-11-01,123.85459871631944,0.682,29.93500000000003,0.0002351992761615,0.211863671001133,-0.6109578936467086,-0.2457542656341189,23.367315228780058,17.57876209682894,0.1610440167489457,101270.12401801214,1.002154364945187,-0.5000000000000004,0.8660254037844384,0,0,122.39369888213707,123.69488573836024,122.83982213653226,117.27400351244444
2018-12-01,184.2152222216532,0.612,25.97000000000004,0.0001849653277874,-0.4927010686594073,0.5296131875163459,0.3320772139052967,19.243325395481577,13.29407635350384,1.0770504130200902,101404.5177828881,1.7261091817026613,-2.4492935982947064e-16,1.0,1,0,123.85459871631944,123.10630976733334,122.24261204606944,175.0502112045968
2019-01-01,193.2320427437365,0.793,26.39000000000003,0.0002043158704556,0.5676290679313283,-0.1913228711385456,0.1525078185611597,19.06687245112596,11.940305184805313,0.0091994658652129,101525.43138860886,1.723158763470204,0.4999999999999999,0.8660254037844387,1,0,184.2152222216532,122.39369888213707,123.89866744524194,184.9416100473656
2019-02-01,193.1852911532738,0.728,28.270000000000024,0.0002255387153528,-0.0229797103993441,0.9616320789973248,0.0192172555196596,21.522273363385864,13.887624268304762,1.5142725831476562,101341.40126836867,1.4757237155548597,0.8660254037844386,0.5000000000000001,1,0,193.2320427437365,123.85459871631944,123.69488573836024,184.4552802779613
2019-03-01,129.2671003866801,0.765,31.62500000000003,0.0001882695811952,-0.6679300114179298,-0.1676971625113092,-0.1319397866048905,25.11923938464099,16.985611626409764,1.5844405084675464,101043.72371156754,1.4149175929386428,1.0,6.123233995736766e-17,0,0,193.1852911532738,184.2152222216532,123.10630976733334,123.1019748122043
2019-04-01,129.31309607594443,0.859,35.03000000000003,0.0001085070169128,-1.064580641852487,0.1755322241743773,-0.555766257819222,26.876729562547496,22.80694277021621,5.568128064930988,100758.39527452255,1.4472876308974263,0.8660254037844387,-0.4999999999999998,0,0,129.2671003866801,193.2320427437365,122.39369888213707,122.16777140572222
2019-05-01,129.75559958452956,1.008,32.58000000000004,7.782437874835423e-05,1.1045513934000688,-2.180455910680168,0.5279030292869513,29.33784668214861,25.358306257186428,8.28115234188171,100372.4758327033,2.5753527714329025,0.4999999999999999,-0.8660254037844387,0,0,129.31309607594443,193.1852911532738,123.85459871631944,122.83982213653226
2019-06-01,129.45336882145833,1.167,30.510000000000048,8.199489097117618e-05,0.5249632827237747,-1.1948111008931406,-0.4408104203733161,28.739179166158124,25.813751856485965,11.057519629777229,100092.66794704864,2.33803660296358,1.2246467991473532e-16,-1.0,0,1,129.75559958452956,129.2671003866801,184.2152222216532,122.24261204606944
2019-07-01,129.83002200408603,,,5.840373903258592e-05,0.5817998029458593,-1.5291758570450042,0.1135053342897891,28.465603990452337,25.60919586099601,8.826216800927693,100009.10063844088,3.154727556618078,-0.4999999999999997,-0.8660254037844388,0,1,129.45336882145833,129.31309607594443,193.2320427437365,123.89866744524194
2019-08-01,129.6024880337769,,33.13000000000005,5.046299737756549e-05,0.6218495025824673,-1.2375650676306122,-0.0952355940503211,28.50484988304885,25.428653212516565,7.81127227807473,100057.72397933468,2.5694069314446524,-0.8660254037844384,-0.5000000000000004,0,1,129.83002200408603,129.75559958452956,193.1852911532738,123.69488573836024
2019-09-01,129.65217232941666,,33.01000000000002,0.0001484941626746,0.1311741176833933,-2.181833490415777,0.1243434756427239,27.85024513668492,24.934736802842902,6.662506910415189,100616.26972656247,2.07715724211158,-1.0,-1.8369701987210294e-16,0,1,129.6024880337769,129.45336882145833,129.2671003866801,123.10630976733334
2019-10-01,129.41791630795697,0.578,31.970000000000027,0.0001228601029485,-0.2010558580345147,0.3738664536374827,-0.0123499892907912,26.16810938927449,23.181126674529025,5.664197680906044,101000.41300718246,1.1884161243163411,-0.8660254037844386,0.5000000000000001,0,0,129.65217232941666,129.83002200408603,129.31309607594443,122.39369888213707
2019-11-01,129.60577075031944,0.5680000000000001,30.205000000000027,0.000211634009685,0.3473639643090607,2.0264346050331308,-0.1198072708533837,23.502815522087985,19.80329257117376,2.798436515428785,101158.28538953992,1.1281013597259222,-0.5000000000000004,0.8660254037844384,0,0,129.41791630795697,129.6024880337769,129.75559958452956,123.85459871631944
2019-12-01,193.16457423965053,0.788,24.62000000000004,0.0001624703367121,-0.7287632723435351,-0.222387177407079,0.1805490091429946,19.00726319179745,14.292769388998806,0.3250500480966652,101512.17138671874,1.5745809769403591,-2.4492935982947064e-16,1.0,1,0,129.60577075031944,129.65217232941666,129.45336882145833,184.2152222216532
2020-01-01,201.1220499880376,1.086,24.62333333333336,0.0002000628015099,-0.4912864497320939,0.1063552621742257,-0.2029271563194097,18.007956933462538,13.55068492684319,0.3068775991779843,101440.69051369288,1.3677237885896345,0.4999999999999999,0.8660254037844387,1,0,193.16457423965053,129.41791630795697,129.83002200408603,193.2320427437365
2020-02-01,201.22968001149425,0.998,28.430000000000035,0.0002122839245312,-1.180302617494764,-0.165114110372501,-0.1188062258366351,20.364950456290444,12.72401100684857,0.3875263937778303,101429.31303318066,1.3377002341985649,0.8660254037844386,0.5000000000000001,1,0,201.1220499880376,129.60577075031944,129.6024880337769,193.1852911532738
2020-03-01,135.61531069094085,0.674,34.49000000000004,0.0001887081418054,-0.923205430099422,-0.6993062727842838,-0.3655802641699959,24.8639639659595,16.718797753446836,1.0528313981945718,101040.83258253532,1.1812771153735375,1.0,6.123233995736766e-17,0,0,201.22968001149425,193.16457423965053,129.65217232941666,129.2671003866801
2020-04-01,136.41728195472223,0.725,36.49000000000001,4.746356101676113e-05,-1.025715616014324,3.646512032790925,-0.6850721070441996,26.91559458838566,21.634215905931285,9.039107873547536,100854.62605794266,1.3179817816724486,0.8660254037844387,-0.4999999999999998,0,0,135.61531069094085,201.1220499880376,129.41791630795697,129.31309607594443
2020-05-01,136.63724308524192,0.8150000000000001,35.24000000000004,7.687898831467223e-05,-0.5238828595952931,-1.6198491669447108,-0.1279390006830463,27.709412429153247,24.47494856311431,8.841759085617166,100483.28051495296,1.919510741462905,0.4999999999999999,-0.8660254037844387,0,0,136.41728195472223,201.22968001149425,129.60577075031944,129.75559958452956
2020-06-01,136.12543412390278,0.812,34.410000000000025,5.796039530830916e-05,-0.2345923008063479,0.2129668303564926,-0.1022877869193554,27.979623582628,25.509302075704,12.465297561026862,100198.70723198784,2.676559236417541,1.2246467991473532e-16,-1.0,0,1,136.63724308524192,135.61531069094085,193.16457423965053,129.45336882145833
2020-07-01,136.7849937772446,,,6.0659459429710045e-05,0.2491276017686985,0.5862757944105397,-0.2501189710606031,28.132931789275176,25.618891078169668,10.941668452383237,100188.87302062332,2.791103251267686,-0.4999999999999997,-0.8660254037844388,0,1,136.12543412390278,136.41728195472223,201.1220499880376,129.83002200408603
2020-08-01,136.17503110844086,0.685,33.83000000000004,5.563375395424084e-05,0.3430746463432292,-0.8332771745858967,0.3124490340288104,28.22607502680961,25.421446162398126,8.215560171119446,100031.23145056285,2.977091559523784,-0.8660254037844384,-0.5000000000000004,0,1,136.7849937772446,136.63724308524192,201.22968001149425,129.6024880337769
2020-09-01,135.77105941270833,0.429,,9.384811851337504e-05,0.5465208990961159,-1.2740744246252813,0.1448940700372021,28.26559191809764,25.468666394551576,7.570265976205684,100388.326969401,2.097707836506058,-1.0,-1.8369701987210294e-16,0,1,136.17503110844086,136.12543412390278,135.61531069094085,129.65217232941666
2020-10-01,135.08425385102151,0.5670000000000001,31.810000000000045,0.0001948324088328,1.1873662363310054,1.4801797377293644,-0.0259910679480863,27.55653148364001,24.73778797272724,6.770510964997926,100592.88692876342,1.174775045659046,-0.8660254037844386,0.5000000000000001,0,0,135.77105941270833,136.7849937772446,136.41728195472223,129.41791630795697
2020-11-01,135.90188671315278,0.532,30.463333333333367,0.0001987977059145,-0.0657897476457449,-0.3350857741087482,0.190246730128222,23.08966181013318,17.855554835001612,0.436916136286906,101268.18178710938,1.438155360707528,-0.5000000000000004,0.8660254037844384,0,0,135.08425385102151,136.17503110844086,136.63724308524192,129.60577075031944
2020-12-01,199.94020185034947,1.037,26.09666666666671,0.0002598469965456,-0.3206286683305208,-0.5336787267734705,0.0170208039785699,19.415397795810463,13.955694883613203,0.0137584987302738,101343.63137915828,1.4110527717759345,-2.4492935982947064e-16,1.0,1,0,135.90188671315278,135.77105941270833,136.12543412390278,193.16457423965053
